Street,From,To,Date,Time,Real.Spots,Street.Length,any_spot
Mission Street,25th Street,26th Street,1/7/2014,16:19,4,179.13297,1
Polk Street,Ellis Street,Olive Street,1/18/2014,20:42,0,52.74021,0
Van Ness Avenue,Geary Boulevard,Myrtle Street,1/18/2014,20:39,0,52.51784,0
Van Ness Avenue,Bush Street,Fern Street,1/18/2014,20:38,0,52.405315,0
Van Ness Avenue,Daniel Burnham Court,Post Street,1/18/2014,20:38,0,52.191193,0
Larkin Street,Cedar Street,Post Street,1/18/2014,20:20,0,52.32425,0
Pine Street,Larkin Street,Polk Street,1/18/2014,20:21,0,146.41655,0
Pine Street,Polk Street,Van Ness Avenue,1/18/2014,20:22,0,139.4942,0
Larkin Street,Myrtle Street,Geary Street,1/18/2014,20:20,0,52.188343,0
Van Ness Avenue,Van Ness Avenue,Bush Street,1/18/2014,20:37,0,39.027992,0
Larkin Street,Sutter Street,Larkin Street,1/18/2014,20:20,0,48.555763,0
Larkin Street,McAllister Street,Fulton Street,1/19/2014,18:21,0,102.83145,0
23rd Street,Mission Street,Bartlett Street,1/20/2014,19:31,8,96.03711,1
23rd Street,Bartlett Street,Valencia Street,1/20/2014,19:31,1,97.607445,1
23rd Street,South Van Ness Avenue,Capp Street,1/20/2014,17:36,269,96.3013,1
23rd Street,South Van Ness Avenue,Capp Street,1/20/2014,19:29,12,96.3013,1
23rd Street,Mission Street,Capp Street,1/20/2014,19:30,0,96.04013,0
Bryant Street,Mariposa Street,17th Street,1/20/2014,7:34,6,141.70232,1
Bryant Street,Mariposa Street,17th Street,1/20/2014,16:46,6,141.70232,1
Mission Street,25th Street,26th Street,1/20/2014,8:50,17,179.13297,1
Mission Street,25th Street,26th Street,1/20/2014,13:57,0,179.13297,0
Mission Street,25th Street,26th Street,1/20/2014,17:54,7,179.13297,1
23rd Street,Mission Street,Bartlett Street,1/21/2014,7:42,0,96.03711,0
23rd Street,Mission Street,Bartlett Street,1/21/2014,17:35,1,96.03711,1
23rd Street,Mission Street,Bartlett Street,1/21/2014,19:25,0,96.03711,0
23rd Street,Bartlett Street,Valencia Street,1/21/2014,7:41,0,97.607445,0
23rd Street,Bartlett Street,Valencia Street,1/21/2014,19:25,5,97.607445,1
23rd Street,South Van Ness Avenue,Capp Street,1/21/2014,7:43,0,96.3013,0
23rd Street,South Van Ness Avenue,Capp Street,1/21/2014,17:36,1,96.3013,1
23rd Street,South Van Ness Avenue,Capp Street,1/21/2014,19:26,1,96.3013,1
23rd Street,Mission Street,Capp Street,1/21/2014,7:42,2,96.04013,1
23rd Street,Mission Street,Capp Street,1/21/2014,17:35,0,96.04013,0
23rd Street,Mission Street,Capp Street,1/21/2014,19:25,0,96.04013,0
Bryant Street,Mariposa Street,17th Street,1/21/2014,17:19,2,141.70232,1
Mission Street,25th Street,26th Street,1/21/2014,11:23,0,179.13297,0
23rd Street,Mission Street,Bartlett Street,1/23/2014,17:14,1,96.03711,1
23rd Street,Mission Street,Bartlett Street,1/23/2014,18:39,1,96.03711,1
23rd Street,Bartlett Street,Valencia Street,1/23/2014,17:13,1,97.607445,1
23rd Street,South Van Ness Avenue,Capp Street,1/23/2014,17:16,2,96.3013,1
23rd Street,South Van Ness Avenue,Capp Street,1/23/2014,18:40,1,96.3013,1
23rd Street,Mission Street,Capp Street,1/23/2014,17:16,1,96.04013,1
23rd Street,Mission Street,Capp Street,1/23/2014,18:40,0,96.04013,0
Mission Street,25th Street,26th Street,1/23/2014,18:36,2,179.13297,1
23rd Street,Mission Street,Bartlett Street,1/24/2014,13:35,0,96.03711,0
23rd Street,Mission Street,Bartlett Street,1/24/2014,19:31,0,96.03711,0
23rd Street,Bartlett Street,Valencia Street,1/24/2014,13:35,0,97.607445,0
23rd Street,Bartlett Street,Valencia Street,1/24/2014,19:31,0,97.607445,0
23rd Street,South Van Ness Avenue,Capp Street,1/24/2014,13:36,3,96.3013,1
23rd Street,South Van Ness Avenue,Capp Street,1/24/2014,16:01,2,96.3013,1
23rd Street,South Van Ness Avenue,Capp Street,1/24/2014,19:32,3,96.3013,1
23rd Street,Mission Street,Capp Street,1/24/2014,13:35,5,96.04013,1
23rd Street,Mission Street,Capp Street,1/24/2014,19:32,1,96.04013,1
Bryant Street,Mariposa Street,17th Street,1/24/2014,12:44,0,141.70232,0
Bryant Street,Mariposa Street,17th Street,1/24/2014,16:23,2,141.70232,1
Mission Street,25th Street,26th Street,1/24/2014,15:52,6,179.13297,1
23rd Street,Mission Street,Bartlett Street,1/25/2014,9:55,0,96.03711,0
23rd Street,Bartlett Street,Valencia Street,1/25/2014,9:55,4,97.607445,1
23rd Street,South Van Ness Avenue,Capp Street,1/25/2014,9:54,0,96.3013,0
23rd Street,Mission Street,Capp Street,1/25/2014,9:54,4,96.04013,1
Bryant Street,Mariposa Street,17th Street,1/25/2014,7:25,8,141.70232,1
Mission Street,25th Street,26th Street,1/25/2014,7:44,17,179.13297,1
Mission Street,25th Street,26th Street,1/25/2014,8:27,23,179.13297,1
23rd Street,Mission Street,Bartlett Street,1/26/2014,20:40,0,96.03711,0
23rd Street,Bartlett Street,Valencia Street,1/26/2014,20:40,0,97.607445,0
23rd Street,South Van Ness Avenue,Capp Street,1/26/2014,20:39,6,96.3013,1
23rd Street,Mission Street,Capp Street,1/26/2014,20:39,12,96.04013,1
Bryant Street,Mariposa Street,17th Street,1/26/2014,17:52,3,141.70232,1
Mission Street,25th Street,26th Street,1/26/2014,19:15,1,179.13297,1
Van Ness Avenue,Post Street,Hemlock Street,1/27/2014,13:48,0,52.505486,0
Jessie Street,New Montgomery Street,Annie Street,1/27/2014,8:04,0,97.18296,0
Van Ness Avenue,Bush Street,Austin Street,1/27/2014,13:49,0,52.384674,0
Van Ness Avenue,Bush Street,Austin Street,1/27/2014,16:48,0,52.384674,0
Van Ness Avenue,Clay Street,Washington Street,1/27/2014,13:50,1,98.93023,1
Van Ness Avenue,Clay Street,Washington Street,1/27/2014,15:53,10,98.93023,1
Van Ness Avenue,Clay Street,Washington Street,1/27/2014,17:08,6,98.93023,1
Van Ness Avenue,O'Farrell Street,Alice B. Toklas Place,1/27/2014,13:47,0,52.317448,0
Larkin Street,Cedar Street,Post Street,1/27/2014,16:46,0,52.32425,0
Pine Street,Larkin Street,Polk Street,1/27/2014,16:57,0,146.41655,0
Pine Street,Larkin Street,Polk Street,1/27/2014,19:43,1,146.41655,1
Pine Street,Polk Street,Van Ness Avenue,1/27/2014,16:58,1,139.4942,1
Larkin Street,Myrtle Street,Geary Street,1/27/2014,16:46,0,52.188343,0
Van Ness Avenue,Van Ness Avenue,Bush Street,1/27/2014,19:03,0,39.027992,0
Kearny Street,Geary Street,Maiden Lane,1/27/2014,7:31,0,52.976276,0
Kearny Street,Kearny Street,Post Street,1/27/2014,7:31,0,52.369446,0
Polk Street,Clay Street,Washington Street,1/27/2014,16:43,5,98.98388,1
Polk Street,Clay Street,Washington Street,1/27/2014,19:45,2,98.98388,1
Polk Street,Jackson Street,Washington Street,1/27/2014,16:42,3,98.40858,1
Polk Street,Jackson Street,Washington Street,1/27/2014,19:46,0,98.40858,0
Post Street,Kearny Street,Post Street,1/27/2014,7:32,0,104.36296,0
Van Ness Avenue,Pacific Avenue,Broadway,1/27/2014,13:51,3,104.314545,1
Van Ness Avenue,Pacific Avenue,Broadway,1/27/2014,15:54,0,104.314545,0
Washington Street,Van Ness Avenue,Polk Street,1/27/2014,17:08,0,139.37155,0
Washington Street,Polk Street,Larkin Street,1/27/2014,17:09,2,146.47252,1
Jackson Street,Polk Street,Van Ness Avenue,1/27/2014,17:16,2,139.32397,1
Polk Street,Bonita Street,Vallejo Street,1/27/2014,15:54,0,53.127136,0
Polk Street,Bonita Street,Vallejo Street,1/27/2014,16:40,0,53.127136,0
Polk Street,Bonita Street,Vallejo Street,1/27/2014,19:47,0,53.127136,0
Polk Street,Bonita Street,Green Street,1/27/2014,16:40,0,51.76525,0
Polk Street,Bonita Street,Green Street,1/27/2014,19:47,0,51.76525,0
Bush Street,Taylor Street,Mason Street,1/27/2014,19:06,1,146.52574,1
Van Ness Avenue,Clay Street,Washington Street,1/28/2014,12:35,1,98.93023,1
Van Ness Avenue,Clay Street,Washington Street,1/28/2014,13:56,2,98.93023,1
Polk Street,Clay Street,Washington Street,1/28/2014,14:46,4,98.98388,1
Polk Street,Jackson Street,Washington Street,1/28/2014,13:45,0,98.40858,0
Polk Street,Jackson Street,Washington Street,1/28/2014,14:45,8,98.40858,1
Van Ness Avenue,Pacific Avenue,Broadway,1/28/2014,12:38,7,104.314545,1
Van Ness Avenue,Pacific Avenue,Broadway,1/28/2014,14:11,6,104.314545,1
Van Ness Avenue,Pacific Avenue,Broadway,1/28/2014,15:54,2,104.314545,1
Washington Street,Van Ness Avenue,Polk Street,1/28/2014,13:56,26,139.37155,1
Washington Street,Van Ness Avenue,Polk Street,1/28/2014,15:45,1,139.37155,1
Washington Street,Polk Street,Larkin Street,1/28/2014,13:46,13,146.47252,1
Washington Street,Polk Street,Larkin Street,1/28/2014,15:46,11,146.47252,1
Jackson Street,Polk Street,Van Ness Avenue,1/28/2014,14:02,2,139.32397,1
Jackson Street,Polk Street,Van Ness Avenue,1/28/2014,15:41,3,139.32397,1
Polk Street,Bonita Street,Vallejo Street,1/28/2014,14:43,0,53.127136,0
Van Ness Avenue,Post Street,Hemlock Street,1/29/2014,14:54,2,52.505486,1
Van Ness Avenue,Bush Street,Austin Street,1/29/2014,14:55,0,52.384674,0
Van Ness Avenue,Bush Street,Austin Street,1/29/2014,16:24,0,52.384674,0
Van Ness Avenue,Clay Street,Washington Street,1/29/2014,14:55,2,98.93023,1
Van Ness Avenue,O'Farrell Street,Alice B. Toklas Place,1/29/2014,14:53,0,52.317448,0
Mission Street,Julia Street,Angelo's Alley,1/29/2014,8:17,0,26.680704,0
Mission Street,6th Street,7th Street,1/29/2014,8:16,0,276.52966,0
Mission Street,6th Street,7th Street,1/29/2014,9:35,23,276.52966,1
Mission Street,6th Street,7th Street,1/29/2014,11:13,6,276.52966,1
Van Ness Avenue,Pacific Avenue,Broadway,1/29/2014,14:56,3,104.314545,1
Van Ness Avenue,Clay Street,Washington Street,1/30/2014,16:31,7,98.93023,1
Van Ness Avenue,Clay Street,Washington Street,1/30/2014,19:38,0,98.93023,0
Pine Street,Larkin Street,Polk Street,1/30/2014,17:45,0,146.41655,0
Pine Street,Larkin Street,Polk Street,1/30/2014,19:08,1,146.41655,1
Pine Street,Polk Street,Van Ness Avenue,1/30/2014,16:29,0,139.4942,0
Pine Street,Polk Street,Van Ness Avenue,1/30/2014,19:30,4,139.4942,1
Polk Street,Clay Street,Washington Street,1/30/2014,16:28,0,98.98388,0
Polk Street,Clay Street,Washington Street,1/30/2014,17:27,0,98.98388,0
Polk Street,Clay Street,Washington Street,1/30/2014,19:10,0,98.98388,0
Polk Street,Jackson Street,Washington Street,1/30/2014,16:27,0,98.40858,0
Polk Street,Jackson Street,Washington Street,1/30/2014,17:26,0,98.40858,0
Polk Street,Jackson Street,Washington Street,1/30/2014,19:11,0,98.40858,0
Van Ness Avenue,Pacific Avenue,Broadway,1/30/2014,16:32,8,104.314545,1
Washington Street,Van Ness Avenue,Polk Street,1/30/2014,17:18,0,139.37155,0
Washington Street,Van Ness Avenue,Polk Street,1/30/2014,18:15,0,139.37155,0
Washington Street,Van Ness Avenue,Polk Street,1/30/2014,19:39,0,139.37155,0
Washington Street,Polk Street,Larkin Street,1/30/2014,17:19,0,146.47252,0
Washington Street,Polk Street,Larkin Street,1/30/2014,18:16,1,146.47252,1
Washington Street,Polk Street,Larkin Street,1/30/2014,19:39,0,146.47252,0
Jackson Street,Polk Street,Van Ness Avenue,1/30/2014,19:45,0,139.32397,0
Polk Street,Bonita Street,Vallejo Street,1/30/2014,16:25,0,53.127136,0
Polk Street,Bonita Street,Vallejo Street,1/30/2014,19:13,0,53.127136,0
Van Ness Avenue,Geary Boulevard,Myrtle Street,1/31/2014,14:23,0,52.51784,0
Van Ness Avenue,Clay Street,Washington Street,1/31/2014,13:23,6,98.93023,1
Van Ness Avenue,Bush Street,Fern Street,1/31/2014,14:21,1,52.405315,1
Van Ness Avenue,Daniel Burnham Court,Post Street,1/31/2014,14:22,0,52.191193,0
Pine Street,Larkin Street,Polk Street,1/31/2014,13:51,2,146.41655,1
Pine Street,Polk Street,Van Ness Avenue,1/31/2014,13:20,3,139.4942,1
Pine Street,Polk Street,Van Ness Avenue,1/31/2014,13:52,5,139.4942,1
Van Ness Avenue,Van Ness Avenue,Bush Street,1/31/2014,14:21,0,39.027992,0
Van Ness Avenue,Van Ness Avenue,Bush Street,1/31/2014,15:01,0,39.027992,0
Polk Street,Clay Street,Washington Street,1/31/2014,13:16,1,98.98388,1
Polk Street,Clay Street,Washington Street,1/31/2014,15:05,1,98.98388,1
Polk Street,Jackson Street,Washington Street,1/31/2014,13:16,0,98.40858,0
Polk Street,Jackson Street,Washington Street,1/31/2014,14:11,1,98.40858,1
Polk Street,Jackson Street,Washington Street,1/31/2014,15:06,3,98.40858,1
Van Ness Avenue,Pacific Avenue,Broadway,1/31/2014,13:24,7,104.314545,1
Van Ness Avenue,Pacific Avenue,Broadway,1/31/2014,14:20,0,104.314545,0
Washington Street,Van Ness Avenue,Polk Street,1/31/2014,14:11,0,139.37155,0
Washington Street,Van Ness Avenue,Polk Street,1/31/2014,15:57,4,139.37155,1
Washington Street,Polk Street,Larkin Street,1/31/2014,14:11,3,146.47252,1
Jackson Street,Polk Street,Van Ness Avenue,1/31/2014,14:09,1,139.32397,1
Polk Street,Bonita Street,Vallejo Street,1/31/2014,13:13,0,53.127136,0
Polk Street,Bonita Street,Vallejo Street,1/31/2014,15:07,0,53.127136,0
Polk Street,Bonita Street,Green Street,1/31/2014,13:13,0,51.76525,0
Polk Street,Bonita Street,Green Street,1/31/2014,15:07,0,51.76525,0
23rd Street,Mission Street,Bartlett Street,2/1/2014,14:05,0,96.03711,0
23rd Street,Bartlett Street,Valencia Street,2/1/2014,14:05,1,97.607445,1
Mission Street,Julia Street,Angelo's Alley,2/1/2014,9:01,1,26.680704,1
Mission Street,Julia Street,Angelo's Alley,2/1/2014,9:35,0,26.680704,0
Mission Street,6th Street,7th Street,2/1/2014,9:00,26,276.52966,1
Mission Street,6th Street,7th Street,2/1/2014,9:36,51,276.52966,1
23rd Street,South Van Ness Avenue,Capp Street,2/1/2014,14:07,0,96.3013,0
23rd Street,Mission Street,Capp Street,2/1/2014,14:07,1,96.04013,1
Bryant Street,Mariposa Street,17th Street,2/1/2014,13:32,1,141.70232,1
Bryant Street,Mariposa Street,17th Street,2/1/2014,15:43,1,141.70232,1
Mission Street,25th Street,26th Street,2/1/2014,12:29,0,179.13297,0
Jessie Street,New Montgomery Street,Annie Street,2/2/2014,10:27,0,97.18296,0
Van Ness Avenue,Geary Boulevard,Myrtle Street,2/2/2014,14:02,0,52.51784,0
Van Ness Avenue,Van Ness Avenue,Eddy Street,2/2/2014,14:02,3,52.74427,1
Van Ness Avenue,Van Ness Avenue,Eddy Street,2/2/2014,14:58,0,52.74427,0
Van Ness Avenue,Van Ness Avenue,Turk Street,2/2/2014,14:03,0,52.836143,0
Van Ness Avenue,Van Ness Avenue,Turk Street,2/2/2014,14:58,2,52.836143,1
Van Ness Avenue,Bush Street,Fern Street,2/2/2014,14:01,0,52.405315,0
Van Ness Avenue,Daniel Burnham Court,Post Street,2/2/2014,14:01,0,52.191193,0
Mission Street,6th Street,7th Street,2/2/2014,7:54,37,276.52966,1
Mission Street,6th Street,7th Street,2/2/2014,10:52,22,276.52966,1
Van Ness Avenue,Van Ness Avenue,Grove Street,2/2/2014,14:04,0,52.04572,0
Van Ness Avenue,Van Ness Avenue,Grove Street,2/2/2014,15:00,0,52.04572,0
Van Ness Avenue,McAllister Street,Van Ness Avenue,2/2/2014,14:04,0,154.60497,0
Van Ness Avenue,McAllister Street,Van Ness Avenue,2/2/2014,14:59,0,154.60497,0
Van Ness Avenue,Van Ness Avenue,Grove Street,2/2/2014,16:31,2,43.249866,1
Van Ness Avenue,Van Ness Avenue,Fell Street,2/2/2014,14:05,0,40.67155,0
Van Ness Avenue,Van Ness Avenue,Fell Street,2/2/2014,15:02,0,40.67155,0
Van Ness Avenue,Van Ness Avenue,Fell Street,2/2/2014,16:30,0,40.67155,0
Van Ness Avenue,Golden Gate Avenue,Van Ness Avenue,2/2/2014,14:03,0,63.262,0
Van Ness Avenue,Golden Gate Avenue,Van Ness Avenue,2/2/2014,14:59,5,63.262,1
Van Ness Avenue,Van Ness Avenue,Golden Gate Avenue,2/2/2014,14:03,0,44.81567,0
Van Ness Avenue,Van Ness Avenue,Golden Gate Avenue,2/2/2014,14:58,1,44.81567,1
Van Ness Avenue,Van Ness Avenue,Bush Street,2/2/2014,14:00,0,39.027992,0
Van Ness Avenue,Hayes Street,Van Ness Avenue,2/2/2014,14:05,2,63.787968,1
Van Ness Avenue,Hayes Street,Van Ness Avenue,2/2/2014,15:02,1,63.787968,1
Van Ness Avenue,Hayes Street,Van Ness Avenue,2/2/2014,16:30,6,63.787968,1
Post Street,Kearny Street,Post Street,2/2/2014,9:55,0,104.36296,0
Van Ness Avenue,McAllister Street,Van Ness Avenue,2/2/2014,14:29,0,56.007236,0
Polk Street,Ellis Street,Olive Street,2/3/2014,13:08,0,52.74021,0
Polk Street,Alice B. Toklas Place,O'Farrell Street,2/3/2014,13:08,0,52.3586,0
Leavenworth Street,Eddy Street,Ellis Street,2/3/2014,13:39,7,104.76384,1
Leavenworth Street,Eddy Street,Ellis Street,2/3/2014,16:15,11,104.76384,1
Jones Street,Ellis Street,Eddy Street,2/3/2014,13:56,8,104.76797,1
Bush Street,Parking Entrance Lane,Chatham Place,2/3/2014,15:49,0,41.920464,0
Geary Street,Jones Street,Geary Street,2/3/2014,15:10,5,109.843506,1
Van Ness Avenue,Geary Boulevard,Myrtle Street,2/3/2014,16:02,0,52.51784,0
Van Ness Avenue,Van Ness Avenue,Eddy Street,2/3/2014,16:03,0,52.74427,0
Van Ness Avenue,Van Ness Avenue,Turk Street,2/3/2014,16:03,1,52.836143,1
Van Ness Avenue,Bush Street,Austin Street,2/3/2014,12:47,0,52.384674,0
Van Ness Avenue,O'Farrell Street,Alice B. Toklas Place,2/3/2014,12:46,0,52.317448,0
Van Ness Avenue,Bush Street,Fern Street,2/3/2014,16:01,0,52.405315,0
Van Ness Avenue,Daniel Burnham Court,Post Street,2/3/2014,16:01,0,52.191193,0
Post Street,Larkin Street,Meacham Place,2/3/2014,15:15,11,116.305824,1
Mission Street,Julia Street,Angelo's Alley,2/3/2014,13:17,0,26.680704,0
Mission Street,Julia Street,Angelo's Alley,2/3/2014,16:10,0,26.680704,0
Mission Street,6th Street,7th Street,2/3/2014,13:16,0,276.52966,0
Polk Street,Turk Street,Elm Street,2/3/2014,13:09,0,52.597584,0
Larkin Street,Cedar Street,Post Street,2/3/2014,13:04,0,52.32425,0
Geary Street,Larkin Street,Polk Street,2/3/2014,15:12,11,146.40805,1
Pine Street,Larkin Street,Polk Street,2/3/2014,13:05,4,146.41655,1
Pine Street,Larkin Street,Polk Street,2/3/2014,16:00,8,146.41655,1
Pine Street,Polk Street,Van Ness Avenue,2/3/2014,16:00,2,139.4942,1
Van Ness Avenue,Van Ness Avenue,Grove Street,2/3/2014,14:37,0,52.04572,0
Van Ness Avenue,Van Ness Avenue,Grove Street,2/3/2014,16:04,0,52.04572,0
Van Ness Avenue,McAllister Street,Van Ness Avenue,2/3/2014,14:36,1,154.60497,1
Van Ness Avenue,McAllister Street,Van Ness Avenue,2/3/2014,16:04,0,154.60497,0
Van Ness Avenue,Van Ness Avenue,Grove Street,2/3/2014,12:43,0,43.249866,0
Van Ness Avenue,Van Ness Avenue,Grove Street,2/3/2014,14:44,0,43.249866,0
Taylor Street,Sutter Street,Bush Street,2/3/2014,13:51,0,105.05199,0
Larkin Street,O'Farrell Street,Larkin Street,2/3/2014,13:04,0,52.4134,0
Larkin Street,Myrtle Street,Geary Street,2/3/2014,13:04,2,52.188343,1
Grove Street,Dr Carlton P Goodlett Place,Van Ness Avenue,2/3/2014,14:38,1,140.25523,1
Larkin Street,Larkin Street,Golden Gate Avenue,2/3/2014,13:02,0,95.939,0
Geary Street,Leavenworth Street,Hyde Street,2/3/2014,15:11,13,146.58632,1
Sutter Street,Powell Street,Sutter Street,2/3/2014,15:23,2,103.21066,1
Polk Street,Grove Street,Dr Tom Waddell Place,2/3/2014,12:54,0,58.041042,0
Van Ness Avenue,Van Ness Avenue,Fell Street,2/3/2014,14:41,0,40.67155,0
Van Ness Avenue,Van Ness Avenue,Fell Street,2/3/2014,15:56,3,40.67155,1
Van Ness Avenue,Golden Gate Avenue,Van Ness Avenue,2/3/2014,16:04,1,63.262,1
Van Ness Avenue,Van Ness Avenue,Golden Gate Avenue,2/3/2014,14:27,0,44.81567,0
Van Ness Avenue,Van Ness Avenue,Golden Gate Avenue,2/3/2014,16:04,0,44.81567,0
Van Ness Avenue,Van Ness Avenue,Bush Street,2/3/2014,16:00,2,39.027992,1
Larkin Street,Sutter Street,Larkin Street,2/3/2014,13:05,0,48.555763,0
Leavenworth Street,Turk Street,Eddy Street,2/3/2014,13:38,4,104.82981,1
Leavenworth Street,Turk Street,Eddy Street,2/3/2014,16:39,1,104.82981,1
Van Ness Avenue,Hayes Street,Van Ness Avenue,2/3/2014,14:41,1,63.787968,1
Van Ness Avenue,Hayes Street,Van Ness Avenue,2/3/2014,16:05,0,63.787968,0
Van Ness Avenue,McAllister Street,Van Ness Avenue,2/3/2014,12:44,1,56.007236,1
Van Ness Avenue,McAllister Street,Van Ness Avenue,2/3/2014,14:45,1,56.007236,1
Hyde Street,Golden Gate Avenue,McAllister Street,2/3/2014,13:32,0,105.14411,0
Hyde Street,Golden Gate Avenue,McAllister Street,2/3/2014,16:22,0,105.14411,0
Polk Street,Willow Street,Eddy Street,2/3/2014,13:08,0,52.7432,0
Grove Street,Dr Carlton P Goodlett Place,Larkin Street,2/3/2014,14:38,2,145.29704,1
Taylor Street,Turk Street,Eddy Street,2/3/2014,13:49,1,104.8531,1
Taylor Street,O'Farrell Street,Geary Street,2/3/2014,13:50,0,104.98754,0
Larkin Street,McAllister Street,Fulton Street,2/3/2014,13:01,1,102.83145,1
Mason Street,Sutter Street,Mason Street,2/3/2014,14:20,0,53.208504,0
Sutter Street,Mason Street,Taylor Street,2/3/2014,15:24,0,146.40962,0
Larkin Street,Turk Street,Eddy Street,2/3/2014,13:03,0,104.79967,0
Bush Street,Taylor Street,Mason Street,2/3/2014,15:48,0,146.52574,0
Jones Street,Bush Street,Sutter Street,2/3/2014,13:44,2,105.07395,1
Jones Street,Sutter Street,Jones Street,2/3/2014,13:44,2,72.91717,1
Jones Street,Post Street,Colin Place,2/3/2014,13:44,0,32.07858,0
Jones Street,Colin Place,Geary Street,2/3/2014,13:44,5,72.54509,1
Jones Street,Antonio Street,Ellis Street,2/3/2014,13:56,7,51.088688,1
Van Ness Avenue,Van Ness Avenue,Fell Street,2/4/2014,12:57,1,40.67155,1
Van Ness Avenue,Hayes Street,Van Ness Avenue,2/4/2014,12:57,0,63.787968,0
Geary Street,Jones Street,Geary Street,2/5/2014,13:55,0,109.843506,0
Van Ness Avenue,Geary Boulevard,Myrtle Street,2/5/2014,7:47,1,52.51784,1
Van Ness Avenue,Van Ness Avenue,Eddy Street,2/5/2014,7:48,0,52.74427,0
Van Ness Avenue,Van Ness Avenue,Turk Street,2/5/2014,7:49,0,52.836143,0
Van Ness Avenue,Van Ness Avenue,Turk Street,2/5/2014,9:06,1,52.836143,1
Van Ness Avenue,Bush Street,Fern Street,2/5/2014,7:46,0,52.405315,0
Van Ness Avenue,Daniel Burnham Court,Post Street,2/5/2014,7:47,0,52.191193,0
Mission Street,Julia Street,Angelo's Alley,2/5/2014,15:44,0,26.680704,0
Mission Street,6th Street,7th Street,2/5/2014,15:45,15,276.52966,1
Van Ness Avenue,Van Ness Avenue,Grove Street,2/5/2014,7:50,0,52.04572,0
Van Ness Avenue,Van Ness Avenue,Grove Street,2/5/2014,9:28,0,52.04572,0
Van Ness Avenue,McAllister Street,Van Ness Avenue,2/5/2014,7:49,0,154.60497,0
Van Ness Avenue,McAllister Street,Van Ness Avenue,2/5/2014,9:28,0,154.60497,0
Geary Street,Leavenworth Street,Hyde Street,2/5/2014,13:55,0,146.58632,0
Van Ness Avenue,Van Ness Avenue,Fell Street,2/5/2014,7:50,0,40.67155,0
Van Ness Avenue,Van Ness Avenue,Fell Street,2/5/2014,9:44,0,40.67155,0
Van Ness Avenue,Golden Gate Avenue,Van Ness Avenue,2/5/2014,9:15,2,63.262,1
Van Ness Avenue,Van Ness Avenue,Golden Gate Avenue,2/5/2014,7:49,2,44.81567,1
Van Ness Avenue,Van Ness Avenue,Bush Street,2/5/2014,7:46,0,39.027992,0
Van Ness Avenue,Hayes Street,Van Ness Avenue,2/5/2014,7:50,4,63.787968,1
Van Ness Avenue,Hayes Street,Van Ness Avenue,2/5/2014,9:44,0,63.787968,0
Hyde Street,Golden Gate Avenue,McAllister Street,2/5/2014,13:57,0,105.14411,0
Hyde Street,Golden Gate Avenue,McAllister Street,2/5/2014,15:41,0,105.14411,0
Van Ness Avenue,Bush Street,Fern Street,2/6/2014,15:34,1,52.405315,1
Van Ness Avenue,Bush Street,Fern Street,2/6/2014,19:55,0,52.405315,0
Van Ness Avenue,Daniel Burnham Court,Post Street,2/6/2014,15:34,2,52.191193,1
Van Ness Avenue,Van Ness Avenue,Bush Street,2/6/2014,15:34,0,39.027992,0
Van Ness Avenue,Post Street,Hemlock Street,2/7/2014,18:19,0,52.505486,0
Van Ness Avenue,Bush Street,Fern Street,2/7/2014,15:44,1,52.405315,1
Van Ness Avenue,Bush Street,Fern Street,2/7/2014,18:42,2,52.405315,1
Van Ness Avenue,Daniel Burnham Court,Post Street,2/7/2014,15:45,0,52.191193,0
Van Ness Avenue,Daniel Burnham Court,Post Street,2/7/2014,18:19,0,52.191193,0
Van Ness Avenue,Van Ness Avenue,Bush Street,2/7/2014,15:44,1,39.027992,1
Polk Street,Jackson Street,Washington Street,2/7/2014,19:26,0,98.40858,0
Washington Street,Van Ness Avenue,Polk Street,2/7/2014,19:25,1,139.37155,1
Jackson Street,Polk Street,Van Ness Avenue,2/7/2014,19:26,0,139.32397,0
Jessie Street,New Montgomery Street,Annie Street,2/8/2014,18:38,0,97.18296,0
Van Ness Avenue,Van Ness Avenue,Eddy Street,2/8/2014,7:33,3,52.74427,1
Van Ness Avenue,Van Ness Avenue,Eddy Street,2/8/2014,10:00,1,52.74427,1
Van Ness Avenue,Van Ness Avenue,Turk Street,2/8/2014,7:33,0,52.836143,0
Mission Street,Julia Street,Angelo's Alley,2/8/2014,17:22,0,26.680704,0
Mission Street,Julia Street,Angelo's Alley,2/8/2014,19:07,2,26.680704,1
Mission Street,6th Street,7th Street,2/8/2014,19:06,19,276.52966,1
Polk Street,Turk Street,Elm Street,2/8/2014,8:40,1,52.597584,1
Van Ness Avenue,Van Ness Avenue,Grove Street,2/8/2014,7:34,0,52.04572,0
Van Ness Avenue,McAllister Street,Van Ness Avenue,2/8/2014,7:34,0,154.60497,0
Van Ness Avenue,Van Ness Avenue,Fell Street,2/8/2014,7:36,3,40.67155,1
Van Ness Avenue,Van Ness Avenue,Fell Street,2/8/2014,8:15,2,40.67155,1
Van Ness Avenue,Golden Gate Avenue,Van Ness Avenue,2/8/2014,7:33,4,63.262,1
Van Ness Avenue,Van Ness Avenue,Golden Gate Avenue,2/8/2014,7:33,0,44.81567,0
Kearny Street,Geary Street,Maiden Lane,2/8/2014,18:36,0,52.976276,0
Kearny Street,Kearny Street,Post Street,2/8/2014,18:36,0,52.369446,0
Van Ness Avenue,Hayes Street,Van Ness Avenue,2/8/2014,7:35,0,63.787968,0
Van Ness Avenue,Hayes Street,Van Ness Avenue,2/8/2014,8:15,0,63.787968,0
Post Street,Kearny Street,Post Street,2/8/2014,18:37,0,104.36296,0
Polk Street,Willow Street,Eddy Street,2/8/2014,9:52,1,52.7432,1
Van Ness Avenue,Clay Street,Washington Street,2/9/2014,11:08,0,98.93023,0
Pine Street,Larkin Street,Polk Street,2/9/2014,9:40,3,146.41655,1
Pine Street,Polk Street,Van Ness Avenue,2/9/2014,9:40,3,139.4942,1
Van Ness Avenue,Van Ness Avenue,Bush Street,2/9/2014,8:14,1,39.027992,1
Polk Street,Clay Street,Washington Street,2/9/2014,8:33,3,98.98388,1
Polk Street,Jackson Street,Washington Street,2/9/2014,8:33,2,98.40858,1
Van Ness Avenue,Pacific Avenue,Broadway,2/9/2014,9:32,1,104.314545,1
Van Ness Avenue,Pacific Avenue,Broadway,2/9/2014,11:10,0,104.314545,0
Washington Street,Van Ness Avenue,Polk Street,2/9/2014,9:50,6,139.37155,1
Washington Street,Polk Street,Larkin Street,2/9/2014,9:50,6,146.47252,1
Jackson Street,Polk Street,Van Ness Avenue,2/9/2014,8:11,3,139.32397,1
Polk Street,Bonita Street,Vallejo Street,2/9/2014,8:34,0,53.127136,0
Polk Street,Bonita Street,Green Street,2/9/2014,8:34,0,51.76525,0
Polk Street,Bonita Street,Green Street,2/9/2014,10:41,0,51.76525,0
Bush Street,Parking Entrance Lane,Chatham Place,2/10/2014,19:01,0,41.920464,0
Montgomery Street,Clay Street,Commercial Street,2/10/2014,17:28,0,50.629986,0
Montgomery Street,Clay Street,Commercial Street,2/10/2014,19:22,0,50.629986,0
Montgomery Street,Bush Street,Sutter Street,2/10/2014,17:30,0,105.38421,0
Pine Street,Battery Street,Sansome Street,2/10/2014,19:07,8,104.53795,1
Battery Street,Washington Street,Merchant Street,2/10/2014,17:43,7,48.13187,1
Taylor Street,Sutter Street,Bush Street,2/10/2014,18:59,0,105.05199,0
Stockton Street,Stockton Street,Jackson Street,2/10/2014,16:56,0,84.28298,0
Kearny Street,Kearny Street,Sutter Street,2/10/2014,17:32,0,41.051586,0
Kearny Street,Kearny Street,Sutter Street,2/10/2014,18:52,0,41.051586,0
Kearny Street,Kearny Street,Columbus Avenue,2/10/2014,17:36,0,55.823406,0
Sutter Street,Powell Street,Sutter Street,2/10/2014,18:58,0,103.21066,0
Kearny Street,Geary Street,Maiden Lane,2/10/2014,17:32,0,52.976276,0
Kearny Street,Kearny Street,Post Street,2/10/2014,17:32,0,52.369446,0
Montgomery Street,Montgomery Street,Jackson Street,2/10/2014,17:28,0,28.596806,0
Montgomery Street,Verdi Place,Pacific Avenue,2/10/2014,17:27,0,66.27028,0
Montgomery Street,Verdi Place,Broadway,2/10/2014,17:27,0,37.796173,0
Stockton Street,Stockton Tunnel,Stockton Street,2/10/2014,16:59,0,35.786472,0
Mission Street,11th Street,Mission Street,2/10/2014,16:35,0,139.6519,0
Taylor Street,Turk Street,Eddy Street,2/10/2014,16:19,2,104.8531,1
Montgomery Street,Washington Street,Montgomery Street,2/10/2014,17:28,0,39.439125,0
Montgomery Street,Jackson Street,Montgomery Street,2/10/2014,17:28,1,62.230865,1
Kearny Street,Hardie Place,Bush Street,2/10/2014,17:33,0,54.379284,0
Kearny Street,Hardie Place,Bush Street,2/10/2014,18:52,0,54.379284,0
Mason Street,Sutter Street,Mason Street,2/10/2014,16:40,0,53.208504,0
Sutter Street,Mason Street,Taylor Street,2/10/2014,18:59,0,146.40962,0
Washington Street,Hotaling Street,Columbus Avenue,2/10/2014,19:32,1,51.84337,1
Battery Street,Halleck Street,California Street,2/10/2014,17:45,7,54.14309,1
Battery Street,California Street,Pine Street,2/10/2014,17:45,5,107.501144,1
Pine Street,Montgomery Street,Kearny Street,2/10/2014,19:09,2,146.75189,1
Bush Street,Taylor Street,Mason Street,2/10/2014,19:00,0,146.52574,0
Kearny Street,Nottingham Place,Broadway,2/10/2014,17:10,2,51.50119,1
Bush Street,Parking Entrance Lane,Chatham Place,2/11/2014,15:39,2,41.920464,1
Montgomery Street,Clay Street,Commercial Street,2/11/2014,13:15,0,50.629986,0
Stockton Street,Green Street,Union Street,2/11/2014,13:30,0,104.87597,0
Montgomery Street,Bush Street,Sutter Street,2/11/2014,13:21,0,105.38421,0
Pine Street,Battery Street,Sansome Street,2/11/2014,14:49,0,104.53795,0
Battery Street,Washington Street,Merchant Street,2/11/2014,12:28,0,48.13187,0
Columbus Avenue,Kearny Street,Pacific Avenue,2/11/2014,12:15,1,28.695284,1
Columbus Avenue,Kearny Street,Pacific Avenue,2/11/2014,13:13,0,28.695284,0
Stockton Street,Stockton Street,Jackson Street,2/11/2014,13:38,0,84.28298,0
Kearny Street,Kearny Street,Sutter Street,2/11/2014,13:25,0,41.051586,0
Kearny Street,Kearny Street,Columbus Avenue,2/11/2014,13:28,0,55.823406,0
Kearny Street,Geary Street,Maiden Lane,2/11/2014,13:25,0,52.976276,0
Kearny Street,Kearny Street,Post Street,2/11/2014,13:25,0,52.369446,0
Stockton Street,Stockton Tunnel,Stockton Street,2/11/2014,13:43,0,35.786472,0
Montgomery Street,Washington Street,Montgomery Street,2/11/2014,15:29,1,39.439125,1
Kearny Street,Hardie Place,Bush Street,2/11/2014,13:26,0,54.379284,0
Washington Street,Hotaling Street,Columbus Avenue,2/11/2014,13:15,0,51.84337,0
Washington Street,Hotaling Street,Columbus Avenue,2/11/2014,15:24,0,51.84337,0
Montgomery Street,Washington Street,Montgomery Street,2/11/2014,12:17,0,51.695087,0
Montgomery Street,Washington Street,Montgomery Street,2/11/2014,13:15,0,51.695087,0
Battery Street,Halleck Street,California Street,2/11/2014,12:29,0,54.14309,0
Battery Street,California Street,Pine Street,2/11/2014,12:29,0,107.501144,0
Kearny Street,Nottingham Place,Broadway,2/11/2014,13:28,0,51.50119,0
Van Ness Avenue,Geary Boulevard,Myrtle Street,2/12/2014,7:34,0,52.51784,0
Van Ness Avenue,Van Ness Avenue,Eddy Street,2/12/2014,7:34,2,52.74427,1
Van Ness Avenue,Van Ness Avenue,Turk Street,2/12/2014,7:34,0,52.836143,0
Van Ness Avenue,Bush Street,Fern Street,2/12/2014,7:33,0,52.405315,0
Van Ness Avenue,Daniel Burnham Court,Post Street,2/12/2014,7:33,0,52.191193,0
Mission Street,Julia Street,Angelo's Alley,2/12/2014,14:22,2,26.680704,1
Polk Street,Turk Street,Elm Street,2/12/2014,9:36,0,52.597584,0
Van Ness Avenue,Van Ness Avenue,Grove Street,2/12/2014,7:36,0,52.04572,0
Van Ness Avenue,McAllister Street,Van Ness Avenue,2/12/2014,7:36,0,154.60497,0
Grove Street,Dr Carlton P Goodlett Place,Van Ness Avenue,2/12/2014,9:07,0,140.25523,0
Grove Street,Dr Carlton P Goodlett Place,Van Ness Avenue,2/12/2014,10:46,0,140.25523,0
Polk Street,Grove Street,Dr Tom Waddell Place,2/12/2014,10:47,0,58.041042,0
Van Ness Avenue,Van Ness Avenue,Fell Street,2/12/2014,7:37,0,40.67155,0
Van Ness Avenue,Van Ness Avenue,Fell Street,2/12/2014,9:02,0,40.67155,0
Van Ness Avenue,Golden Gate Avenue,Van Ness Avenue,2/12/2014,7:35,0,63.262,0
Van Ness Avenue,Van Ness Avenue,Golden Gate Avenue,2/12/2014,7:35,6,44.81567,1
Van Ness Avenue,Van Ness Avenue,Bush Street,2/12/2014,7:33,0,39.027992,0
Van Ness Avenue,Hayes Street,Van Ness Avenue,2/12/2014,7:37,8,63.787968,1
Van Ness Avenue,Hayes Street,Van Ness Avenue,2/12/2014,9:02,0,63.787968,0
Mission Street,11th Street,Mission Street,2/12/2014,13:00,0,139.6519,0
Mission Street,11th Street,Mission Street,2/12/2014,14:24,1,139.6519,1
Polk Street,Willow Street,Eddy Street,2/12/2014,9:46,2,52.7432,1
Mission Street,Julia Street,Angelo's Alley,2/14/2014,20:18,3,26.680704,1
Mission Street,6th Street,7th Street,2/14/2014,20:17,6,276.52966,1
23rd Street,Mission Street,Bartlett Street,2/15/2014,16:52,0,96.03711,0
23rd Street,Bartlett Street,Valencia Street,2/15/2014,16:52,0,97.607445,0
Van Ness Avenue,Van Ness Avenue,Eddy Street,2/15/2014,7:54,1,52.74427,1
Van Ness Avenue,Van Ness Avenue,Eddy Street,2/15/2014,9:23,0,52.74427,0
Van Ness Avenue,Van Ness Avenue,Turk Street,2/15/2014,7:54,0,52.836143,0
Van Ness Avenue,Van Ness Avenue,Grove Street,2/15/2014,7:55,0,52.04572,0
Van Ness Avenue,Van Ness Avenue,Grove Street,2/15/2014,9:46,0,52.04572,0
Van Ness Avenue,McAllister Street,Van Ness Avenue,2/15/2014,7:55,0,154.60497,0
Van Ness Avenue,McAllister Street,Van Ness Avenue,2/15/2014,9:45,0,154.60497,0
Van Ness Avenue,Van Ness Avenue,Fell Street,2/15/2014,7:56,0,40.67155,0
Van Ness Avenue,Van Ness Avenue,Fell Street,2/15/2014,8:48,0,40.67155,0
Van Ness Avenue,Van Ness Avenue,Fell Street,2/15/2014,9:59,0,40.67155,0
Van Ness Avenue,Golden Gate Avenue,Van Ness Avenue,2/15/2014,7:55,2,63.262,1
Van Ness Avenue,Golden Gate Avenue,Van Ness Avenue,2/15/2014,9:34,0,63.262,0
Van Ness Avenue,Van Ness Avenue,Golden Gate Avenue,2/15/2014,7:55,0,44.81567,0
23rd Street,South Van Ness Avenue,Capp Street,2/15/2014,16:50,1,96.3013,1
23rd Street,Mission Street,Capp Street,2/15/2014,16:50,1,96.04013,1
Van Ness Avenue,Hayes Street,Van Ness Avenue,2/15/2014,7:56,4,63.787968,1
Van Ness Avenue,Hayes Street,Van Ness Avenue,2/15/2014,8:48,0,63.787968,0
Van Ness Avenue,Hayes Street,Van Ness Avenue,2/15/2014,9:59,3,63.787968,1
Van Ness Avenue,McAllister Street,Van Ness Avenue,2/15/2014,7:41,1,56.007236,1
Polk Street,Willow Street,Eddy Street,2/15/2014,10:42,1,52.7432,1
Larkin Street,McAllister Street,Fulton Street,2/15/2014,7:39,0,102.83145,0
Mission Street,25th Street,26th Street,2/15/2014,18:39,0,179.13297,0
Jones Street,Ellis Street,Eddy Street,2/16/2014,12:50,0,104.76797,0
Van Ness Avenue,Geary Boulevard,Myrtle Street,2/16/2014,11:13,0,52.51784,0
Van Ness Avenue,Van Ness Avenue,Eddy Street,2/16/2014,11:14,0,52.74427,0
Van Ness Avenue,Van Ness Avenue,Turk Street,2/16/2014,11:15,0,52.836143,0
Van Ness Avenue,Clay Street,Washington Street,2/16/2014,10:31,0,98.93023,0
Van Ness Avenue,Daniel Burnham Court,Post Street,2/16/2014,11:13,0,52.191193,0
Pine Street,Larkin Street,Polk Street,2/16/2014,7:44,5,146.41655,1
Pine Street,Polk Street,Van Ness Avenue,2/16/2014,7:45,3,139.4942,1
Van Ness Avenue,Van Ness Avenue,Grove Street,2/16/2014,11:16,0,52.04572,0
Van Ness Avenue,McAllister Street,Van Ness Avenue,2/16/2014,11:16,0,154.60497,0
Van Ness Avenue,Golden Gate Avenue,Van Ness Avenue,2/16/2014,11:15,0,63.262,0
Van Ness Avenue,Van Ness Avenue,Bush Street,2/16/2014,11:12,1,39.027992,1
Van Ness Avenue,Hayes Street,Van Ness Avenue,2/16/2014,11:17,5,63.787968,1
Polk Street,Clay Street,Washington Street,2/16/2014,9:21,2,98.98388,1
Polk Street,Clay Street,Washington Street,2/16/2014,10:59,0,98.98388,0
Polk Street,Jackson Street,Washington Street,2/16/2014,9:21,1,98.40858,1
Polk Street,Jackson Street,Washington Street,2/16/2014,10:59,2,98.40858,1
Van Ness Avenue,Pacific Avenue,Broadway,2/16/2014,8:31,4,104.314545,1
Van Ness Avenue,Pacific Avenue,Broadway,2/16/2014,10:32,0,104.314545,0
Washington Street,Van Ness Avenue,Polk Street,2/16/2014,8:17,4,139.37155,1
Washington Street,Polk Street,Larkin Street,2/16/2014,8:18,2,146.47252,1
Jackson Street,Polk Street,Van Ness Avenue,2/16/2014,8:16,1,139.32397,1
Polk Street,Bonita Street,Vallejo Street,2/16/2014,9:22,0,53.127136,0
Polk Street,Bonita Street,Vallejo Street,2/16/2014,11:01,0,53.127136,0
Polk Street,Bonita Street,Green Street,2/16/2014,9:22,0,51.76525,0
Polk Street,Bonita Street,Green Street,2/16/2014,11:01,2,51.76525,1
Bryant Street,Mariposa Street,17th Street,2/17/2014,17:21,0,141.70232,0
Bush Street,Parking Entrance Lane,Chatham Place,2/24/2014,9:16,1,41.920464,1
Stockton Street,Green Street,Union Street,2/24/2014,10:06,0,104.87597,0
Stockton Street,Green Street,Union Street,2/24/2014,10:43,0,104.87597,0
Larkin Street,Cedar Street,Post Street,2/24/2014,9:12,0,52.32425,0
Columbus Avenue,Kearny Street,Pacific Avenue,2/24/2014,11:06,0,28.695284,0
Taylor Street,Sutter Street,Bush Street,2/24/2014,7:53,0,105.05199,0
Stockton Street,Stockton Street,Jackson Street,2/24/2014,10:41,0,84.28298,0
Larkin Street,O'Farrell Street,Larkin Street,2/24/2014,9:11,1,52.4134,1
Larkin Street,Myrtle Street,Geary Street,2/24/2014,9:11,3,52.188343,1
Larkin Street,Larkin Street,Golden Gate Avenue,2/24/2014,9:09,0,95.939,0
Larkin Street,Sutter Street,Larkin Street,2/24/2014,9:13,1,48.555763,1
Taylor Street,Turk Street,Eddy Street,2/24/2014,7:51,2,104.8531,1
Taylor Street,O'Farrell Street,Geary Street,2/24/2014,7:52,1,104.98754,1
Larkin Street,McAllister Street,Fulton Street,2/24/2014,9:08,0,102.83145,0
Washington Street,Hotaling Street,Columbus Avenue,2/24/2014,10:38,0,51.84337,0
Montgomery Street,Washington Street,Montgomery Street,2/24/2014,11:07,0,51.695087,0
Battery Street,Halleck Street,California Street,2/24/2014,7:44,0,54.14309,0
Battery Street,Halleck Street,California Street,2/24/2014,11:10,0,54.14309,0
Battery Street,California Street,Pine Street,2/24/2014,7:44,0,107.501144,0
Battery Street,California Street,Pine Street,2/24/2014,11:10,0,107.501144,0
Larkin Street,Turk Street,Eddy Street,2/24/2014,9:10,1,104.79967,1
Bush Street,Taylor Street,Mason Street,2/24/2014,9:15,2,146.52574,1
Jones Street,Ellis Street,Eddy Street,2/25/2014,11:18,0,104.76797,0
Bush Street,Parking Entrance Lane,Chatham Place,2/25/2014,10:31,0,41.920464,0
Stockton Street,Green Street,Union Street,2/25/2014,9:51,2,104.87597,1
Taylor Street,Sutter Street,Bush Street,2/25/2014,9:41,0,105.05199,0
Taylor Street,Sutter Street,Bush Street,2/25/2014,10:29,1,105.05199,1
Stockton Street,Stockton Street,Jackson Street,2/25/2014,10:12,0,84.28298,0
Sutter Street,Powell Street,Sutter Street,2/25/2014,10:28,0,103.21066,0
Taylor Street,O'Farrell Street,Geary Street,2/25/2014,9:40,0,104.98754,0
Sutter Street,Mason Street,Taylor Street,2/25/2014,10:28,0,146.40962,0
Washington Street,Hotaling Street,Columbus Avenue,2/25/2014,10:54,0,51.84337,0
Bush Street,Taylor Street,Mason Street,2/25/2014,10:29,0,146.52574,0
Jones Street,Bush Street,Sutter Street,2/25/2014,11:17,0,105.07395,0
Jones Street,Sutter Street,Jones Street,2/25/2014,11:17,0,72.91717,0
Jones Street,Post Street,Colin Place,2/25/2014,11:17,0,32.07858,0
Jones Street,Colin Place,Geary Street,2/25/2014,11:17,0,72.54509,0
Jones Street,Antonio Street,Ellis Street,2/25/2014,11:18,1,51.088688,1
Van Ness Avenue,Bush Street,Austin Street,2/26/2014,18:36,0,52.384674,0
Van Ness Avenue,Clay Street,Washington Street,2/26/2014,15:53,0,98.93023,0
Van Ness Avenue,Bush Street,Fern Street,2/26/2014,18:48,0,52.405315,0
Van Ness Avenue,Pacific Avenue,Broadway,2/26/2014,15:54,0,104.314545,0
23rd Street,Mission Street,Bartlett Street,2/28/2014,19:55,0,96.03711,0
23rd Street,Bartlett Street,Valencia Street,2/28/2014,19:55,0,97.607445,0
23rd Street,South Van Ness Avenue,Capp Street,2/28/2014,19:56,0,96.3013,0
23rd Street,Mission Street,Capp Street,2/28/2014,19:56,0,96.04013,0
Bryant Street,Mariposa Street,17th Street,2/28/2014,16:54,7,141.70232,1
Mission Street,25th Street,26th Street,2/28/2014,18:14,2,179.13297,1
23rd Street,Mission Street,Bartlett Street,3/1/2014,16:59,3,96.03711,1
23rd Street,Bartlett Street,Valencia Street,3/1/2014,16:59,4,97.607445,1
Jessie Street,New Montgomery Street,Annie Street,3/1/2014,9:37,0,97.18296,0
23rd Street,South Van Ness Avenue,Capp Street,3/1/2014,17:00,2,96.3013,1
23rd Street,Mission Street,Capp Street,3/1/2014,17:00,0,96.04013,0
Bryant Street,Mariposa Street,17th Street,3/1/2014,19:30,6,141.70232,1
Mission Street,25th Street,26th Street,3/1/2014,18:31,0,179.13297,0
23rd Street,Mission Street,Bartlett Street,3/2/2014,11:09,0,96.03711,0
23rd Street,Bartlett Street,Valencia Street,3/2/2014,11:09,0,97.607445,0
23rd Street,South Van Ness Avenue,Capp Street,3/2/2014,11:10,1,96.3013,1
23rd Street,Mission Street,Capp Street,3/2/2014,11:10,0,96.04013,0
Bryant Street,Mariposa Street,17th Street,3/2/2014,10:25,0,141.70232,0
Mission Street,25th Street,26th Street,3/2/2014,9:08,4,179.13297,1
Bush Street,Parking Entrance Lane,Chatham Place,3/3/2014,12:58,0,41.920464,0
Jessie Street,New Montgomery Street,Annie Street,3/3/2014,15:48,0,97.18296,0
Pine Street,Battery Street,Sansome Street,3/3/2014,12:54,0,104.53795,0
Pine Street,Battery Street,Sansome Street,3/3/2014,13:48,0,104.53795,0
Kearny Street,Geary Street,Maiden Lane,3/3/2014,13:23,0,52.976276,0
Kearny Street,Kearny Street,Post Street,3/3/2014,13:24,0,52.369446,0
Post Street,Kearny Street,Post Street,3/3/2014,13:26,0,104.36296,0
Mission Street,11th Street,Mission Street,3/3/2014,11:00,0,139.6519,0
Battery Street,California Street,Pine Street,3/3/2014,13:48,0,107.501144,0
Pine Street,Montgomery Street,Kearny Street,3/3/2014,12:56,0,146.75189,0
Mission Street,11th Street,Mission Street,3/4/2014,8:53,0,139.6519,0
Mission Street,11th Street,Mission Street,3/4/2014,9:33,0,139.6519,0
23rd Street,Mission Street,Bartlett Street,3/5/2014,21:56,6,96.03711,1
23rd Street,Bartlett Street,Valencia Street,3/5/2014,21:56,1,97.607445,1
23rd Street,South Van Ness Avenue,Capp Street,3/5/2014,21:55,2,96.3013,1
23rd Street,Mission Street,Capp Street,3/5/2014,21:55,4,96.04013,1
Bryant Street,Mariposa Street,17th Street,3/5/2014,18:32,4,141.70232,1
Mission Street,25th Street,26th Street,3/5/2014,19:36,0,179.13297,0
23rd Street,Mission Street,Bartlett Street,3/7/2014,21:05,2,96.03711,1
23rd Street,Bartlett Street,Valencia Street,3/7/2014,21:05,0,97.607445,0
23rd Street,South Van Ness Avenue,Capp Street,3/7/2014,21:04,0,96.3013,0
23rd Street,Mission Street,Capp Street,3/7/2014,21:04,0,96.04013,0
Bryant Street,Mariposa Street,17th Street,3/7/2014,18:35,11,141.70232,1
Mission Street,25th Street,26th Street,3/7/2014,19:40,0,179.13297,0
23rd Street,Mission Street,Bartlett Street,3/8/2014,19:46,0,96.03711,0
23rd Street,Bartlett Street,Valencia Street,3/8/2014,19:46,0,97.607445,0
23rd Street,South Van Ness Avenue,Capp Street,3/8/2014,19:45,0,96.3013,0
23rd Street,Mission Street,Capp Street,3/8/2014,19:45,0,96.04013,0
Bryant Street,Mariposa Street,17th Street,3/8/2014,20:19,6,141.70232,1
Mission Street,25th Street,26th Street,3/8/2014,21:09,0,179.13297,0
23rd Street,Mission Street,Bartlett Street,3/9/2014,16:08,0,96.03711,0
23rd Street,Bartlett Street,Valencia Street,3/9/2014,16:08,2,97.607445,1
23rd Street,South Van Ness Avenue,Capp Street,3/9/2014,16:09,1,96.3013,1
23rd Street,Mission Street,Capp Street,3/9/2014,16:09,2,96.04013,1
Bryant Street,Mariposa Street,17th Street,3/9/2014,11:09,2,141.70232,1
Bryant Street,Mariposa Street,17th Street,3/9/2014,13:12,1,141.70232,1
Mission Street,25th Street,26th Street,3/9/2014,9:37,4,179.13297,1
Mission Street,25th Street,26th Street,3/9/2014,13:54,5,179.13297,1
Mission Street,Julia Street,Angelo's Alley,3/10/2014,12:20,0,26.680704,0
Mission Street,6th Street,7th Street,3/10/2014,10:59,4,276.52966,1
Mission Street,6th Street,7th Street,3/10/2014,12:19,0,276.52966,0
Mission Street,6th Street,7th Street,3/10/2014,13:14,10,276.52966,1
Mission Street,6th Street,7th Street,3/10/2014,15:56,0,276.52966,0
Jessie Street,New Montgomery Street,Annie Street,3/13/2014,14:59,0,97.18296,0
Pine Street,Larkin Street,Polk Street,3/13/2014,16:16,0,146.41655,0
Pine Street,Polk Street,Van Ness Avenue,3/13/2014,16:16,0,139.4942,0
Van Ness Avenue,Clay Street,Washington Street,3/14/2014,17:58,0,98.93023,0
Van Ness Avenue,Clay Street,Washington Street,3/14/2014,21:05,0,98.93023,0
Pine Street,Larkin Street,Polk Street,3/14/2014,18:55,0,146.41655,0
Pine Street,Larkin Street,Polk Street,3/14/2014,21:03,2,146.41655,1
Pine Street,Polk Street,Van Ness Avenue,3/14/2014,17:57,0,139.4942,0
Pine Street,Polk Street,Van Ness Avenue,3/14/2014,18:56,9,139.4942,1
Pine Street,Polk Street,Van Ness Avenue,3/14/2014,21:04,0,139.4942,0
Polk Street,Clay Street,Washington Street,3/14/2014,18:23,0,98.98388,0
Polk Street,Jackson Street,Washington Street,3/14/2014,18:22,0,98.40858,0
Polk Street,Jackson Street,Washington Street,3/14/2014,20:24,0,98.40858,0
Van Ness Avenue,Pacific Avenue,Broadway,3/14/2014,17:58,0,104.314545,0
Van Ness Avenue,Pacific Avenue,Broadway,3/14/2014,19:30,1,104.314545,1
Van Ness Avenue,Pacific Avenue,Broadway,3/14/2014,21:05,0,104.314545,0
Washington Street,Van Ness Avenue,Polk Street,3/14/2014,19:23,0,139.37155,0
Washington Street,Van Ness Avenue,Polk Street,3/14/2014,21:39,0,139.37155,0
Washington Street,Polk Street,Larkin Street,3/14/2014,19:24,0,146.47252,0
Washington Street,Polk Street,Larkin Street,3/14/2014,21:39,1,146.47252,1
Jackson Street,Polk Street,Van Ness Avenue,3/14/2014,19:22,0,139.32397,0
Jackson Street,Polk Street,Van Ness Avenue,3/14/2014,21:33,0,139.32397,0
Polk Street,Bonita Street,Vallejo Street,3/14/2014,18:21,1,53.127136,1
Polk Street,Bonita Street,Vallejo Street,3/14/2014,20:21,0,53.127136,0
Polk Street,Bonita Street,Green Street,3/14/2014,18:20,0,51.76525,0
Polk Street,Bonita Street,Green Street,3/14/2014,20:21,0,51.76525,0
Polk Street,Ellis Street,Olive Street,3/15/2014,18:51,1,52.74021,1
Polk Street,Ellis Street,Olive Street,3/15/2014,21:16,0,52.74021,0
Polk Street,Alice B. Toklas Place,O'Farrell Street,3/15/2014,18:51,3,52.3586,1
Polk Street,Alice B. Toklas Place,O'Farrell Street,3/15/2014,21:19,0,52.3586,0
Leavenworth Street,Eddy Street,Ellis Street,3/15/2014,18:34,0,104.76384,0
Leavenworth Street,Eddy Street,Ellis Street,3/15/2014,19:40,0,104.76384,0
Leavenworth Street,Eddy Street,Ellis Street,3/15/2014,20:44,0,104.76384,0
Jones Street,Ellis Street,Eddy Street,3/15/2014,18:30,0,104.76797,0
Jones Street,Ellis Street,Eddy Street,3/15/2014,19:41,0,104.76797,0
Jones Street,Ellis Street,Eddy Street,3/15/2014,20:41,0,104.76797,0
Van Ness Avenue,Post Street,Hemlock Street,3/15/2014,18:13,4,52.505486,1
Van Ness Avenue,Post Street,Hemlock Street,3/15/2014,19:02,0,52.505486,0
Van Ness Avenue,Post Street,Hemlock Street,3/15/2014,20:06,0,52.505486,0
Van Ness Avenue,Post Street,Hemlock Street,3/15/2014,21:07,0,52.505486,0
Bush Street,Parking Entrance Lane,Chatham Place,3/15/2014,10:02,0,41.920464,0
Montgomery Street,Clay Street,Commercial Street,3/15/2014,8:22,0,50.629986,0
Montgomery Street,Bush Street,Sutter Street,3/15/2014,8:23,0,105.38421,0
Geary Street,Jones Street,Geary Street,3/15/2014,19:22,0,109.843506,0
Van Ness Avenue,Geary Boulevard,Myrtle Street,3/15/2014,19:25,0,52.51784,0
Van Ness Avenue,Bush Street,Austin Street,3/15/2014,18:14,5,52.384674,1
Van Ness Avenue,Bush Street,Austin Street,3/15/2014,20:25,5,52.384674,1
Van Ness Avenue,O'Farrell Street,Alice B. Toklas Place,3/15/2014,18:13,0,52.317448,0
Van Ness Avenue,O'Farrell Street,Alice B. Toklas Place,3/15/2014,19:00,0,52.317448,0
Van Ness Avenue,O'Farrell Street,Alice B. Toklas Place,3/15/2014,20:05,0,52.317448,0
Van Ness Avenue,O'Farrell Street,Alice B. Toklas Place,3/15/2014,21:21,0,52.317448,0
Van Ness Avenue,Daniel Burnham Court,Post Street,3/15/2014,21:07,0,52.191193,0
Post Street,Larkin Street,Meacham Place,3/15/2014,19:19,0,116.305824,0
Post Street,Larkin Street,Meacham Place,3/15/2014,21:01,0,116.305824,0
Post Street,Larkin Street,Meacham Place,3/15/2014,21:36,0,116.305824,0
Pine Street,Battery Street,Sansome Street,3/15/2014,9:56,0,104.53795,0
Polk Street,Turk Street,Elm Street,3/15/2014,18:52,8,52.597584,1
Larkin Street,Cedar Street,Post Street,3/15/2014,18:46,0,52.32425,0
Larkin Street,Cedar Street,Post Street,3/15/2014,20:54,0,52.32425,0
Geary Street,Larkin Street,Polk Street,3/15/2014,19:24,0,146.40805,0
Geary Street,Larkin Street,Polk Street,3/15/2014,21:18,0,146.40805,0
Battery Street,Washington Street,Merchant Street,3/15/2014,8:14,1,48.13187,1
Pine Street,Larkin Street,Polk Street,3/15/2014,18:47,2,146.41655,1
Pine Street,Larkin Street,Polk Street,3/15/2014,20:55,1,146.41655,1
Van Ness Avenue,Van Ness Avenue,Grove Street,3/15/2014,18:10,0,43.249866,0
Van Ness Avenue,Van Ness Avenue,Grove Street,3/15/2014,18:59,0,43.249866,0
Van Ness Avenue,Van Ness Avenue,Grove Street,3/15/2014,20:04,0,43.249866,0
Taylor Street,Sutter Street,Bush Street,3/15/2014,8:58,0,105.05199,0
Taylor Street,Sutter Street,Bush Street,3/15/2014,10:32,0,105.05199,0
Taylor Street,Sutter Street,Bush Street,3/15/2014,18:28,1,105.05199,1
Taylor Street,Sutter Street,Bush Street,3/15/2014,20:38,0,105.05199,0
Stockton Street,Stockton Street,Jackson Street,3/15/2014,7:36,0,84.28298,0
Stockton Street,Stockton Street,Jackson Street,3/15/2014,9:22,0,84.28298,0
Larkin Street,O'Farrell Street,Larkin Street,3/15/2014,18:46,4,52.4134,1
Larkin Street,O'Farrell Street,Larkin Street,3/15/2014,20:53,2,52.4134,1
Larkin Street,Myrtle Street,Geary Street,3/15/2014,18:46,0,52.188343,0
Larkin Street,Myrtle Street,Geary Street,3/15/2014,20:53,0,52.188343,0
Grove Street,Dr Carlton P Goodlett Place,Van Ness Avenue,3/15/2014,19:59,11,140.25523,1
Larkin Street,Larkin Street,Golden Gate Avenue,3/15/2014,18:44,0,95.939,0
Larkin Street,Larkin Street,Golden Gate Avenue,3/15/2014,21:14,5,95.939,1
Geary Street,Leavenworth Street,Hyde Street,3/15/2014,19:22,0,146.58632,0
Kearny Street,Kearny Street,Sutter Street,3/15/2014,8:19,0,41.051586,0
Sutter Street,Powell Street,Sutter Street,3/15/2014,10:20,0,103.21066,0
Polk Street,Grove Street,Dr Tom Waddell Place,3/15/2014,18:53,0,58.041042,0
Van Ness Avenue,Van Ness Avenue,Golden Gate Avenue,3/15/2014,19:48,0,44.81567,0
Van Ness Avenue,Van Ness Avenue,Bush Street,3/15/2014,20:25,0,39.027992,0
Larkin Street,Sutter Street,Larkin Street,3/15/2014,18:46,0,48.555763,0
Larkin Street,Sutter Street,Larkin Street,3/15/2014,20:54,0,48.555763,0
Kearny Street,Geary Street,Maiden Lane,3/15/2014,8:18,0,52.976276,0
Kearny Street,Kearny Street,Post Street,3/15/2014,8:18,0,52.369446,0
Leavenworth Street,Turk Street,Eddy Street,3/15/2014,18:34,5,104.82981,1
Leavenworth Street,Turk Street,Eddy Street,3/15/2014,20:44,0,104.82981,0
Stockton Street,Stockton Tunnel,Stockton Street,3/15/2014,8:41,0,35.786472,0
Post Street,Kearny Street,Post Street,3/15/2014,10:27,0,104.36296,0
Van Ness Avenue,McAllister Street,Van Ness Avenue,3/15/2014,18:11,4,56.007236,1
Van Ness Avenue,McAllister Street,Van Ness Avenue,3/15/2014,19:00,2,56.007236,1
Van Ness Avenue,McAllister Street,Van Ness Avenue,3/15/2014,20:05,1,56.007236,1
Mission Street,11th Street,Mission Street,3/15/2014,18:08,0,139.6519,0
Mission Street,11th Street,Mission Street,3/15/2014,18:56,14,139.6519,1
Hyde Street,Golden Gate Avenue,McAllister Street,3/15/2014,18:42,3,105.14411,1
Hyde Street,Golden Gate Avenue,McAllister Street,3/15/2014,20:50,9,105.14411,1
Polk Street,Willow Street,Eddy Street,3/15/2014,18:51,0,52.7432,0
Polk Street,Willow Street,Eddy Street,3/15/2014,21:15,0,52.7432,0
Grove Street,Dr Carlton P Goodlett Place,Larkin Street,3/15/2014,20:00,3,145.29704,1
Taylor Street,Turk Street,Eddy Street,3/15/2014,9:08,4,104.8531,1
Taylor Street,Turk Street,Eddy Street,3/15/2014,18:26,2,104.8531,1
Taylor Street,Turk Street,Eddy Street,3/15/2014,20:36,1,104.8531,1
Taylor Street,Turk Street,Eddy Street,3/15/2014,21:41,0,104.8531,0
Taylor Street,O'Farrell Street,Geary Street,3/15/2014,8:57,0,104.98754,0
Taylor Street,O'Farrell Street,Geary Street,3/15/2014,18:27,0,104.98754,0
Taylor Street,O'Farrell Street,Geary Street,3/15/2014,20:37,0,104.98754,0
Montgomery Street,Washington Street,Montgomery Street,3/15/2014,8:21,0,39.439125,0
Montgomery Street,Jackson Street,Montgomery Street,3/15/2014,8:21,0,62.230865,0
Larkin Street,McAllister Street,Fulton Street,3/15/2014,18:44,0,102.83145,0
Larkin Street,McAllister Street,Fulton Street,3/15/2014,20:51,15,102.83145,1
Kearny Street,Hardie Place,Bush Street,3/15/2014,8:19,0,54.379284,0
Mason Street,Sutter Street,Mason Street,3/15/2014,9:05,0,53.208504,0
Mason Street,Sutter Street,Mason Street,3/15/2014,18:20,0,53.208504,0
Mason Street,Sutter Street,Mason Street,3/15/2014,20:33,0,53.208504,0
Sutter Street,Mason Street,Taylor Street,3/15/2014,10:20,0,146.40962,0
Sutter Street,Mason Street,Taylor Street,3/15/2014,19:07,0,146.40962,0
Sutter Street,Mason Street,Taylor Street,3/15/2014,21:28,0,146.40962,0
Washington Street,Hotaling Street,Columbus Avenue,3/15/2014,7:33,0,51.84337,0
Washington Street,Hotaling Street,Columbus Avenue,3/15/2014,8:37,0,51.84337,0
Battery Street,Halleck Street,California Street,3/15/2014,8:15,0,54.14309,0
Battery Street,California Street,Pine Street,3/15/2014,8:15,0,107.501144,0
Larkin Street,Turk Street,Eddy Street,3/15/2014,18:45,0,104.79967,0
Larkin Street,Turk Street,Eddy Street,3/15/2014,21:15,3,104.79967,1
Pine Street,Montgomery Street,Kearny Street,3/15/2014,9:57,0,146.75189,0
Bush Street,Taylor Street,Mason Street,3/15/2014,19:06,0,146.52574,0
Bush Street,Taylor Street,Mason Street,3/15/2014,20:32,2,146.52574,1
Bush Street,Taylor Street,Mason Street,3/15/2014,21:27,1,146.52574,1
Jones Street,Bush Street,Sutter Street,3/15/2014,18:29,0,105.07395,0
Jones Street,Bush Street,Sutter Street,3/15/2014,20:39,0,105.07395,0
Jones Street,Sutter Street,Jones Street,3/15/2014,10:21,0,72.91717,0
Jones Street,Sutter Street,Jones Street,3/15/2014,18:29,0,72.91717,0
Jones Street,Sutter Street,Jones Street,3/15/2014,20:39,1,72.91717,1
Jones Street,Post Street,Colin Place,3/15/2014,18:29,0,32.07858,0
Jones Street,Post Street,Colin Place,3/15/2014,20:39,0,32.07858,0
Jones Street,Colin Place,Geary Street,3/15/2014,18:29,0,72.54509,0
Jones Street,Colin Place,Geary Street,3/15/2014,20:39,0,72.54509,0
Jones Street,Antonio Street,Ellis Street,3/15/2014,18:30,1,51.088688,1
Jones Street,Antonio Street,Ellis Street,3/15/2014,20:41,0,51.088688,0
Stockton Street,Green Street,Union Street,3/16/2014,7:39,3,104.87597,1
Stockton Street,Green Street,Union Street,3/16/2014,10:35,0,104.87597,0
Stockton Street,Stockton Street,Jackson Street,3/16/2014,7:36,0,84.28298,0
Kearny Street,Nottingham Place,Broadway,3/16/2014,10:31,0,51.50119,0
Mission Street,11th Street,Mission Street,3/19/2014,17:42,15,139.6519,1
Polk Street,Ellis Street,Olive Street,3/21/2014,20:11,0,52.74021,0
Polk Street,Ellis Street,Olive Street,3/21/2014,21:20,0,52.74021,0
Polk Street,Alice B. Toklas Place,O'Farrell Street,3/21/2014,20:10,0,52.3586,0
Polk Street,Alice B. Toklas Place,O'Farrell Street,3/21/2014,21:20,0,52.3586,0
Leavenworth Street,Eddy Street,Ellis Street,3/21/2014,20:34,5,104.76384,1
Jones Street,Ellis Street,Eddy Street,3/21/2014,20:39,0,104.76797,0
Van Ness Avenue,Post Street,Hemlock Street,3/21/2014,20:02,0,52.505486,0
Van Ness Avenue,Post Street,Hemlock Street,3/21/2014,21:30,0,52.505486,0
Bush Street,Parking Entrance Lane,Chatham Place,3/21/2014,22:07,0,41.920464,0
Montgomery Street,Bush Street,Sutter Street,3/21/2014,22:09,0,105.38421,0
Geary Street,Jones Street,Geary Street,3/21/2014,18:52,0,109.843506,0
Van Ness Avenue,Geary Boulevard,Myrtle Street,3/21/2014,18:59,0,52.51784,0
Van Ness Avenue,Geary Boulevard,Myrtle Street,3/21/2014,21:50,0,52.51784,0
Van Ness Avenue,Van Ness Avenue,Eddy Street,3/21/2014,19:08,0,52.74427,0
Van Ness Avenue,Van Ness Avenue,Eddy Street,3/21/2014,21:50,1,52.74427,1
Van Ness Avenue,Van Ness Avenue,Turk Street,3/21/2014,21:51,2,52.836143,1
Van Ness Avenue,Bush Street,Austin Street,3/21/2014,20:04,0,52.384674,0
Van Ness Avenue,Bush Street,Austin Street,3/21/2014,21:38,0,52.384674,0
Van Ness Avenue,O'Farrell Street,Alice B. Toklas Place,3/21/2014,20:02,0,52.317448,0
Van Ness Avenue,O'Farrell Street,Alice B. Toklas Place,3/21/2014,21:23,0,52.317448,0
Van Ness Avenue,O'Farrell Street,Alice B. Toklas Place,3/21/2014,22:00,0,52.317448,0
Van Ness Avenue,Bush Street,Fern Street,3/21/2014,21:49,0,52.405315,0
Van Ness Avenue,Daniel Burnham Court,Post Street,3/21/2014,21:50,0,52.191193,0
Post Street,Larkin Street,Meacham Place,3/21/2014,18:47,0,116.305824,0
Mission Street,Julia Street,Angelo's Alley,3/21/2014,20:29,0,26.680704,0
Mission Street,6th Street,7th Street,3/21/2014,20:30,0,276.52966,0
Polk Street,Turk Street,Elm Street,3/21/2014,20:12,0,52.597584,0
Polk Street,Turk Street,Elm Street,3/21/2014,21:14,4,52.597584,1
Larkin Street,Cedar Street,Post Street,3/21/2014,20:22,0,52.32425,0
Larkin Street,Cedar Street,Post Street,3/21/2014,21:26,1,52.32425,1
Geary Street,Larkin Street,Polk Street,3/21/2014,18:58,5,146.40805,1
Geary Street,Larkin Street,Polk Street,3/21/2014,21:19,0,146.40805,0
Pine Street,Larkin Street,Polk Street,3/21/2014,18:31,0,146.41655,0
Pine Street,Larkin Street,Polk Street,3/21/2014,21:35,0,146.41655,0
Pine Street,Polk Street,Van Ness Avenue,3/21/2014,18:31,0,139.4942,0
Pine Street,Polk Street,Van Ness Avenue,3/21/2014,20:07,4,139.4942,1
Pine Street,Polk Street,Van Ness Avenue,3/21/2014,21:48,0,139.4942,0
Van Ness Avenue,Van Ness Avenue,Grove Street,3/21/2014,19:35,0,52.04572,0
Van Ness Avenue,Van Ness Avenue,Grove Street,3/21/2014,21:52,0,52.04572,0
Van Ness Avenue,McAllister Street,Van Ness Avenue,3/21/2014,19:35,0,154.60497,0
Van Ness Avenue,McAllister Street,Van Ness Avenue,3/21/2014,21:52,0,154.60497,0
Van Ness Avenue,Van Ness Avenue,Grove Street,3/21/2014,19:47,0,43.249866,0
Van Ness Avenue,Van Ness Avenue,Grove Street,3/21/2014,21:08,1,43.249866,1
Van Ness Avenue,Van Ness Avenue,Grove Street,3/21/2014,21:58,0,43.249866,0
Taylor Street,Sutter Street,Bush Street,3/21/2014,20:43,0,105.05199,0
Larkin Street,O'Farrell Street,Larkin Street,3/21/2014,20:21,1,52.4134,1
Larkin Street,O'Farrell Street,Larkin Street,3/21/2014,21:18,0,52.4134,0
Larkin Street,Myrtle Street,Geary Street,3/21/2014,20:21,0,52.188343,0
Larkin Street,Myrtle Street,Geary Street,3/21/2014,21:18,0,52.188343,0
Grove Street,Dr Carlton P Goodlett Place,Van Ness Avenue,3/21/2014,19:37,0,140.25523,0
Grove Street,Dr Carlton P Goodlett Place,Van Ness Avenue,3/21/2014,21:08,0,140.25523,0
Larkin Street,Larkin Street,Golden Gate Avenue,3/21/2014,20:19,0,95.939,0
Geary Street,Leavenworth Street,Hyde Street,3/21/2014,18:54,5,146.58632,1
Redwood Street,Polk Street,Van Ness Avenue,3/21/2014,21:12,2,139.46687,1
Polk Street,Grove Street,Dr Tom Waddell Place,3/21/2014,20:13,0,58.041042,0
Polk Street,Grove Street,Dr Tom Waddell Place,3/21/2014,21:09,0,58.041042,0
Van Ness Avenue,Van Ness Avenue,Fell Street,3/21/2014,19:42,0,40.67155,0
Van Ness Avenue,Van Ness Avenue,Fell Street,3/21/2014,21:53,0,40.67155,0
Van Ness Avenue,Golden Gate Avenue,Van Ness Avenue,3/21/2014,21:51,1,63.262,1
Van Ness Avenue,Van Ness Avenue,Golden Gate Avenue,3/21/2014,21:51,1,44.81567,1
Van Ness Avenue,Van Ness Avenue,Bush Street,3/21/2014,18:32,0,39.027992,0
Van Ness Avenue,Van Ness Avenue,Bush Street,3/21/2014,20:08,0,39.027992,0
Van Ness Avenue,Van Ness Avenue,Bush Street,3/21/2014,21:49,0,39.027992,0
Larkin Street,Sutter Street,Larkin Street,3/21/2014,20:22,0,48.555763,0
Leavenworth Street,Turk Street,Eddy Street,3/21/2014,20:33,4,104.82981,1
Van Ness Avenue,Hayes Street,Van Ness Avenue,3/21/2014,19:42,0,63.787968,0
Van Ness Avenue,Hayes Street,Van Ness Avenue,3/21/2014,21:53,0,63.787968,0
Van Ness Avenue,McAllister Street,Van Ness Avenue,3/21/2014,19:49,0,56.007236,0
Van Ness Avenue,McAllister Street,Van Ness Avenue,3/21/2014,21:11,0,56.007236,0
Van Ness Avenue,McAllister Street,Van Ness Avenue,3/21/2014,21:59,0,56.007236,0
Hyde Street,Golden Gate Avenue,McAllister Street,3/21/2014,20:27,0,105.14411,0
Polk Street,Willow Street,Eddy Street,3/21/2014,20:11,0,52.7432,0
Polk Street,Willow Street,Eddy Street,3/21/2014,21:45,0,52.7432,0
Grove Street,Dr Carlton P Goodlett Place,Larkin Street,3/21/2014,19:38,1,145.29704,1
Taylor Street,Turk Street,Eddy Street,3/21/2014,20:42,0,104.8531,0
Taylor Street,O'Farrell Street,Geary Street,3/21/2014,20:42,0,104.98754,0
Larkin Street,McAllister Street,Fulton Street,3/21/2014,20:19,3,102.83145,1
Mason Street,Sutter Street,Mason Street,3/21/2014,20:46,0,53.208504,0
Sutter Street,Mason Street,Taylor Street,3/21/2014,18:37,0,146.40962,0
Larkin Street,Turk Street,Eddy Street,3/21/2014,20:20,0,104.79967,0
Larkin Street,Turk Street,Eddy Street,3/21/2014,21:44,2,104.79967,1
Bush Street,Taylor Street,Mason Street,3/21/2014,18:36,1,146.52574,1
Bush Street,Taylor Street,Mason Street,3/21/2014,22:06,1,146.52574,1
Jones Street,Bush Street,Sutter Street,3/21/2014,20:37,0,105.07395,0
Jones Street,Sutter Street,Jones Street,3/21/2014,20:37,0,72.91717,0
Jones Street,Post Street,Colin Place,3/21/2014,20:37,0,32.07858,0
Jones Street,Colin Place,Geary Street,3/21/2014,20:37,0,72.54509,0
Jones Street,Antonio Street,Ellis Street,3/21/2014,20:39,0,51.088688,0
Polk Street,Ellis Street,Olive Street,3/22/2014,15:01,0,52.74021,0
Polk Street,Alice B. Toklas Place,O'Farrell Street,3/22/2014,15:01,4,52.3586,1
Leavenworth Street,Eddy Street,Ellis Street,3/22/2014,14:20,1,104.76384,1
Jones Street,Ellis Street,Eddy Street,3/22/2014,14:27,0,104.76797,0
Van Ness Avenue,Post Street,Hemlock Street,3/22/2014,12:51,3,52.505486,1
Geary Street,Jones Street,Geary Street,3/22/2014,13:16,5,109.843506,1
Geary Street,Jones Street,Geary Street,3/22/2014,15:37,5,109.843506,1
Van Ness Avenue,Geary Boulevard,Myrtle Street,3/22/2014,13:19,0,52.51784,0
Van Ness Avenue,Geary Boulevard,Myrtle Street,3/22/2014,15:40,1,52.51784,1
Van Ness Avenue,Geary Boulevard,Myrtle Street,3/22/2014,17:36,0,52.51784,0
Van Ness Avenue,Van Ness Avenue,Eddy Street,3/22/2014,13:29,1,52.74427,1
Van Ness Avenue,Van Ness Avenue,Eddy Street,3/22/2014,15:49,1,52.74427,1
Van Ness Avenue,Van Ness Avenue,Eddy Street,3/22/2014,17:37,1,52.74427,1
Van Ness Avenue,Van Ness Avenue,Turk Street,3/22/2014,17:38,2,52.836143,1
Van Ness Avenue,Van Ness Avenue,Turk Street,3/22/2014,18:26,6,52.836143,1
Van Ness Avenue,Bush Street,Austin Street,3/22/2014,12:52,0,52.384674,0
Van Ness Avenue,O'Farrell Street,Alice B. Toklas Place,3/22/2014,12:50,0,52.317448,0
Van Ness Avenue,O'Farrell Street,Alice B. Toklas Place,3/22/2014,15:03,0,52.317448,0
Van Ness Avenue,Bush Street,Fern Street,3/22/2014,15:30,0,52.405315,0
Van Ness Avenue,Daniel Burnham Court,Post Street,3/22/2014,13:08,0,52.191193,0
Van Ness Avenue,Daniel Burnham Court,Post Street,3/22/2014,15:31,0,52.191193,0
Van Ness Avenue,Daniel Burnham Court,Post Street,3/22/2014,17:36,3,52.191193,1
Post Street,Larkin Street,Meacham Place,3/22/2014,13:12,7,116.305824,1
Post Street,Larkin Street,Meacham Place,3/22/2014,15:34,9,116.305824,1
Polk Street,Turk Street,Elm Street,3/22/2014,14:53,2,52.597584,1
Larkin Street,Cedar Street,Post Street,3/22/2014,14:07,5,52.32425,1
Larkin Street,Cedar Street,Post Street,3/22/2014,15:07,1,52.32425,1
Geary Street,Larkin Street,Polk Street,3/22/2014,13:17,10,146.40805,1
Geary Street,Larkin Street,Polk Street,3/22/2014,15:05,18,146.40805,1
Geary Street,Larkin Street,Polk Street,3/22/2014,15:39,13,146.40805,1
Pine Street,Larkin Street,Polk Street,3/22/2014,12:59,4,146.41655,1
Pine Street,Larkin Street,Polk Street,3/22/2014,15:20,13,146.41655,1
Pine Street,Polk Street,Van Ness Avenue,3/22/2014,13:00,9,139.4942,1
Pine Street,Polk Street,Van Ness Avenue,3/22/2014,15:20,13,139.4942,1
Van Ness Avenue,Van Ness Avenue,Grove Street,3/22/2014,13:46,0,52.04572,0
Van Ness Avenue,Van Ness Avenue,Grove Street,3/22/2014,17:40,0,52.04572,0
Van Ness Avenue,McAllister Street,Van Ness Avenue,3/22/2014,13:46,0,154.60497,0
Van Ness Avenue,McAllister Street,Van Ness Avenue,3/22/2014,17:39,3,154.60497,1
Van Ness Avenue,Van Ness Avenue,Grove Street,3/22/2014,12:48,0,43.249866,0
Van Ness Avenue,Van Ness Avenue,Grove Street,3/22/2014,14:45,0,43.249866,0
Taylor Street,Sutter Street,Bush Street,3/22/2014,14:31,6,105.05199,1
Larkin Street,O'Farrell Street,Larkin Street,3/22/2014,14:07,0,52.4134,0
Larkin Street,O'Farrell Street,Larkin Street,3/22/2014,14:59,4,52.4134,1
Larkin Street,Myrtle Street,Geary Street,3/22/2014,14:07,6,52.188343,1
Larkin Street,Myrtle Street,Geary Street,3/22/2014,14:59,3,52.188343,1
Grove Street,Dr Carlton P Goodlett Place,Van Ness Avenue,3/22/2014,13:46,0,140.25523,0
Grove Street,Dr Carlton P Goodlett Place,Van Ness Avenue,3/22/2014,14:45,0,140.25523,0
Larkin Street,Larkin Street,Golden Gate Avenue,3/22/2014,14:05,0,95.939,0
Geary Street,Leavenworth Street,Hyde Street,3/22/2014,13:16,9,146.58632,1
Geary Street,Leavenworth Street,Hyde Street,3/22/2014,15:38,16,146.58632,1
Polk Street,Grove Street,Dr Tom Waddell Place,3/22/2014,14:46,0,58.041042,0
Van Ness Avenue,Van Ness Avenue,Fell Street,3/22/2014,17:41,0,40.67155,0
Van Ness Avenue,Golden Gate Avenue,Van Ness Avenue,3/22/2014,17:39,4,63.262,1
Van Ness Avenue,Van Ness Avenue,Golden Gate Avenue,3/22/2014,13:37,6,44.81567,1
Van Ness Avenue,Van Ness Avenue,Golden Gate Avenue,3/22/2014,15:58,1,44.81567,1
Van Ness Avenue,Van Ness Avenue,Golden Gate Avenue,3/22/2014,17:38,4,44.81567,1
Van Ness Avenue,Van Ness Avenue,Bush Street,3/22/2014,13:01,4,39.027992,1
Van Ness Avenue,Van Ness Avenue,Bush Street,3/22/2014,15:21,0,39.027992,0
Larkin Street,Sutter Street,Larkin Street,3/22/2014,14:08,0,48.555763,0
Leavenworth Street,Turk Street,Eddy Street,3/22/2014,14:19,4,104.82981,1
Van Ness Avenue,Hayes Street,Van Ness Avenue,3/22/2014,17:41,5,63.787968,1
Van Ness Avenue,McAllister Street,Van Ness Avenue,3/22/2014,12:49,2,56.007236,1
Van Ness Avenue,McAllister Street,Van Ness Avenue,3/22/2014,14:47,0,56.007236,0
Mission Street,11th Street,Mission Street,3/22/2014,12:45,0,139.6519,0
Hyde Street,Golden Gate Avenue,McAllister Street,3/22/2014,14:14,6,105.14411,1
Hyde Street,Golden Gate Avenue,McAllister Street,3/22/2014,18:11,9,105.14411,1
Polk Street,Willow Street,Eddy Street,3/22/2014,14:54,2,52.7432,1
Grove Street,Dr Carlton P Goodlett Place,Larkin Street,3/22/2014,13:47,2,145.29704,1
Taylor Street,Turk Street,Eddy Street,3/22/2014,14:29,3,104.8531,1
Taylor Street,O'Farrell Street,Geary Street,3/22/2014,14:30,3,104.98754,1
Larkin Street,McAllister Street,Fulton Street,3/22/2014,14:04,0,102.83145,0
Mason Street,Sutter Street,Mason Street,3/22/2014,14:33,0,53.208504,0
Sutter Street,Mason Street,Taylor Street,3/22/2014,13:05,4,146.40962,1
Sutter Street,Mason Street,Taylor Street,3/22/2014,15:26,2,146.40962,1
Larkin Street,Turk Street,Eddy Street,3/22/2014,14:06,1,104.79967,1
Bush Street,Taylor Street,Mason Street,3/22/2014,13:04,5,146.52574,1
Bush Street,Taylor Street,Mason Street,3/22/2014,15:24,4,146.52574,1
Jones Street,Bush Street,Sutter Street,3/22/2014,14:25,0,105.07395,0
Jones Street,Sutter Street,Jones Street,3/22/2014,14:25,3,72.91717,1
Jones Street,Post Street,Colin Place,3/22/2014,14:25,0,32.07858,0
Jones Street,Colin Place,Geary Street,3/22/2014,14:25,1,72.54509,1
Jones Street,Antonio Street,Ellis Street,3/22/2014,14:27,5,51.088688,1
Van Ness Avenue,Clay Street,Washington Street,3/23/2014,15:59,7,98.93023,1
Van Ness Avenue,Clay Street,Washington Street,3/23/2014,18:13,0,98.93023,0
Pine Street,Larkin Street,Polk Street,3/23/2014,16:52,12,146.41655,1
Pine Street,Larkin Street,Polk Street,3/23/2014,18:28,6,146.41655,1
Pine Street,Polk Street,Van Ness Avenue,3/23/2014,16:52,8,139.4942,1
Polk Street,Clay Street,Washington Street,3/23/2014,16:08,5,98.98388,1
Polk Street,Jackson Street,Washington Street,3/23/2014,16:07,5,98.40858,1
Polk Street,Jackson Street,Washington Street,3/23/2014,17:08,0,98.40858,0
Van Ness Avenue,Pacific Avenue,Broadway,3/23/2014,15:59,5,104.314545,1
Van Ness Avenue,Pacific Avenue,Broadway,3/23/2014,17:18,3,104.314545,1
Van Ness Avenue,Pacific Avenue,Broadway,3/23/2014,18:14,2,104.314545,1
Washington Street,Van Ness Avenue,Polk Street,3/23/2014,17:10,0,139.37155,0
Washington Street,Polk Street,Larkin Street,3/23/2014,17:11,0,146.47252,0
Jackson Street,Polk Street,Van Ness Avenue,3/23/2014,17:08,2,139.32397,1
Polk Street,Bonita Street,Vallejo Street,3/23/2014,16:06,3,53.127136,1
Polk Street,Bonita Street,Vallejo Street,3/23/2014,18:32,0,53.127136,0
Polk Street,Bonita Street,Green Street,3/23/2014,16:06,0,51.76525,0
Polk Street,Bonita Street,Green Street,3/23/2014,18:32,0,51.76525,0
Stockton Street,Green Street,Union Street,3/25/2014,14:19,0,104.87597,0
Columbus Avenue,Kearny Street,Pacific Avenue,3/25/2014,14:54,0,28.695284,0
Columbus Avenue,Kearny Street,Pacific Avenue,3/25/2014,15:58,0,28.695284,0
Stockton Street,Stockton Street,Jackson Street,3/25/2014,14:17,0,84.28298,0
Kearny Street,Kearny Street,Columbus Avenue,3/25/2014,15:03,0,55.823406,0
Montgomery Street,Montgomery Street,Jackson Street,3/25/2014,15:05,0,28.596806,0
Montgomery Street,Montgomery Street,Jackson Street,3/25/2014,15:41,0,28.596806,0
Montgomery Street,Verdi Place,Pacific Avenue,3/25/2014,15:04,0,66.27028,0
Montgomery Street,Verdi Place,Pacific Avenue,3/25/2014,15:41,0,66.27028,0
Montgomery Street,Verdi Place,Broadway,3/25/2014,15:04,4,37.796173,1
Montgomery Street,Verdi Place,Broadway,3/25/2014,15:41,3,37.796173,1
Washington Street,Van Ness Avenue,Polk Street,3/25/2014,12:46,0,139.37155,0
Washington Street,Polk Street,Larkin Street,3/25/2014,12:46,0,146.47252,0
Jackson Street,Polk Street,Van Ness Avenue,3/25/2014,12:44,0,139.32397,0
Montgomery Street,Washington Street,Montgomery Street,3/25/2014,15:05,0,39.439125,0
Montgomery Street,Washington Street,Montgomery Street,3/25/2014,15:41,0,39.439125,0
Montgomery Street,Jackson Street,Montgomery Street,3/25/2014,15:05,0,62.230865,0
Montgomery Street,Jackson Street,Montgomery Street,3/25/2014,15:41,1,62.230865,1
Washington Street,Hotaling Street,Columbus Avenue,3/25/2014,12:31,0,51.84337,0
Washington Street,Hotaling Street,Columbus Avenue,3/25/2014,15:40,0,51.84337,0
Montgomery Street,Washington Street,Montgomery Street,3/25/2014,14:54,0,51.695087,0
Kearny Street,Nottingham Place,Broadway,3/25/2014,14:47,1,51.50119,1
Van Ness Avenue,Post Street,Hemlock Street,3/26/2014,14:02,0,52.505486,0
Stockton Street,Green Street,Union Street,3/26/2014,16:09,0,104.87597,0
Stockton Street,Green Street,Union Street,3/26/2014,18:02,0,104.87597,0
Stockton Street,Green Street,Union Street,3/26/2014,18:46,0,104.87597,0
Van Ness Avenue,Bush Street,Austin Street,3/26/2014,14:03,0,52.384674,0
Van Ness Avenue,Clay Street,Washington Street,3/26/2014,14:05,0,98.93023,0
Van Ness Avenue,Clay Street,Washington Street,3/26/2014,16:22,3,98.93023,1
Van Ness Avenue,O'Farrell Street,Alice B. Toklas Place,3/26/2014,14:02,0,52.317448,0
Battery Street,Washington Street,Merchant Street,3/26/2014,15:50,0,48.13187,0
Battery Street,Washington Street,Merchant Street,3/26/2014,18:40,0,48.13187,0
Columbus Avenue,Kearny Street,Pacific Avenue,3/26/2014,16:33,0,28.695284,0
Pine Street,Larkin Street,Polk Street,3/26/2014,16:20,1,146.41655,1
Pine Street,Polk Street,Van Ness Avenue,3/26/2014,16:20,1,139.4942,1
Van Ness Avenue,Van Ness Avenue,Grove Street,3/26/2014,13:58,0,43.249866,0
Stockton Street,Stockton Street,Jackson Street,3/26/2014,16:06,0,84.28298,0
Stockton Street,Stockton Street,Jackson Street,3/26/2014,18:44,0,84.28298,0
Kearny Street,Kearny Street,Columbus Avenue,3/26/2014,16:04,0,55.823406,0
Kearny Street,Kearny Street,Columbus Avenue,3/26/2014,16:42,0,55.823406,0
Van Ness Avenue,Van Ness Avenue,Bush Street,3/26/2014,15:57,0,39.027992,0
Montgomery Street,Montgomery Street,Jackson Street,3/26/2014,16:01,0,28.596806,0
Montgomery Street,Montgomery Street,Jackson Street,3/26/2014,18:36,0,28.596806,0
Montgomery Street,Verdi Place,Pacific Avenue,3/26/2014,16:01,0,66.27028,0
Montgomery Street,Verdi Place,Broadway,3/26/2014,16:01,0,37.796173,0
Montgomery Street,Verdi Place,Broadway,3/26/2014,18:06,0,37.796173,0
Polk Street,Clay Street,Washington Street,3/26/2014,14:12,0,98.98388,0
Polk Street,Clay Street,Washington Street,3/26/2014,16:29,0,98.98388,0
Polk Street,Jackson Street,Washington Street,3/26/2014,14:11,4,98.40858,1
Polk Street,Jackson Street,Washington Street,3/26/2014,16:28,0,98.40858,0
Van Ness Avenue,McAllister Street,Van Ness Avenue,3/26/2014,14:01,0,56.007236,0
Van Ness Avenue,Pacific Avenue,Broadway,3/26/2014,14:05,1,104.314545,1
Van Ness Avenue,Pacific Avenue,Broadway,3/26/2014,16:23,3,104.314545,1
Washington Street,Van Ness Avenue,Polk Street,3/26/2014,15:34,3,139.37155,1
Washington Street,Polk Street,Larkin Street,3/26/2014,15:34,4,146.47252,1
Jackson Street,Polk Street,Van Ness Avenue,3/26/2014,15:40,4,139.32397,1
Montgomery Street,Washington Street,Montgomery Street,3/26/2014,16:02,0,39.439125,0
Montgomery Street,Jackson Street,Montgomery Street,3/26/2014,16:01,3,62.230865,1
Polk Street,Bonita Street,Vallejo Street,3/26/2014,14:10,0,53.127136,0
Polk Street,Bonita Street,Vallejo Street,3/26/2014,16:27,0,53.127136,0
Polk Street,Bonita Street,Green Street,3/26/2014,14:10,0,51.76525,0
Polk Street,Bonita Street,Green Street,3/26/2014,16:26,0,51.76525,0
Washington Street,Hotaling Street,Columbus Avenue,3/26/2014,16:03,0,51.84337,0
Washington Street,Hotaling Street,Columbus Avenue,3/26/2014,18:42,0,51.84337,0
Bush Street,Taylor Street,Mason Street,3/26/2014,16:01,0,146.52574,0
Jones Street,Bush Street,Sutter Street,3/26/2014,17:02,0,105.07395,0
Kearny Street,Nottingham Place,Broadway,3/26/2014,16:42,0,51.50119,0
Kearny Street,Nottingham Place,Broadway,3/26/2014,18:07,0,51.50119,0
Leavenworth Street,Eddy Street,Ellis Street,3/27/2014,13:05,0,104.76384,0
Jones Street,Ellis Street,Eddy Street,3/27/2014,14:33,3,104.76797,1
Bush Street,Parking Entrance Lane,Chatham Place,3/27/2014,13:55,0,41.920464,0
Montgomery Street,Clay Street,Commercial Street,3/27/2014,15:52,0,50.629986,0
Montgomery Street,Bush Street,Sutter Street,3/27/2014,16:03,0,105.38421,0
Van Ness Avenue,Bush Street,Austin Street,3/27/2014,15:54,0,52.384674,0
Van Ness Avenue,Clay Street,Washington Street,3/27/2014,15:55,2,98.93023,1
Van Ness Avenue,Clay Street,Washington Street,3/27/2014,18:51,2,98.93023,1
Pine Street,Battery Street,Sansome Street,3/27/2014,13:47,0,104.53795,0
Polk Street,Turk Street,Elm Street,3/27/2014,14:49,0,52.597584,0
Pine Street,Larkin Street,Polk Street,3/27/2014,16:05,0,146.41655,0
Pine Street,Larkin Street,Polk Street,3/27/2014,16:46,1,146.41655,1
Pine Street,Polk Street,Van Ness Avenue,3/27/2014,16:46,0,139.4942,0
Pine Street,Polk Street,Van Ness Avenue,3/27/2014,18:48,0,139.4942,0
Taylor Street,Sutter Street,Bush Street,3/27/2014,14:55,0,105.05199,0
Stockton Street,Stockton Street,Jackson Street,3/27/2014,13:14,0,84.28298,0
Kearny Street,Kearny Street,Sutter Street,3/27/2014,15:47,0,41.051586,0
Kearny Street,Kearny Street,Columbus Avenue,3/27/2014,15:49,0,55.823406,0
Sutter Street,Powell Street,Sutter Street,3/27/2014,14:04,0,103.21066,0
Leavenworth Street,Turk Street,Eddy Street,3/27/2014,13:04,0,104.82981,0
Montgomery Street,Montgomery Street,Jackson Street,3/27/2014,15:51,0,28.596806,0
Montgomery Street,Verdi Place,Pacific Avenue,3/27/2014,15:51,0,66.27028,0
Montgomery Street,Verdi Place,Broadway,3/27/2014,15:51,0,37.796173,0
Stockton Street,Stockton Tunnel,Stockton Street,3/27/2014,15:45,0,35.786472,0
Polk Street,Clay Street,Washington Street,3/27/2014,16:15,0,98.98388,0
Polk Street,Clay Street,Washington Street,3/27/2014,18:45,1,98.98388,1
Polk Street,Jackson Street,Washington Street,3/27/2014,16:14,3,98.40858,1
Polk Street,Jackson Street,Washington Street,3/27/2014,16:55,0,98.40858,0
Polk Street,Jackson Street,Washington Street,3/27/2014,18:43,0,98.40858,0
Post Street,Kearny Street,Post Street,3/27/2014,14:11,0,104.36296,0
Van Ness Avenue,Pacific Avenue,Broadway,3/27/2014,15:56,4,104.314545,1
Van Ness Avenue,Pacific Avenue,Broadway,3/27/2014,17:13,0,104.314545,0
Van Ness Avenue,Pacific Avenue,Broadway,3/27/2014,18:51,0,104.314545,0
Washington Street,Van Ness Avenue,Polk Street,3/27/2014,16:57,4,139.37155,1
Washington Street,Polk Street,Larkin Street,3/27/2014,16:58,1,146.47252,1
Jackson Street,Polk Street,Van Ness Avenue,3/27/2014,16:55,4,139.32397,1
Hyde Street,Golden Gate Avenue,McAllister Street,3/27/2014,14:38,0,105.14411,0
Grove Street,Dr Carlton P Goodlett Place,Larkin Street,3/27/2014,14:48,0,145.29704,0
Taylor Street,O'Farrell Street,Geary Street,3/27/2014,14:54,0,104.98754,0
Montgomery Street,Washington Street,Montgomery Street,3/27/2014,15:51,2,39.439125,1
Montgomery Street,Jackson Street,Montgomery Street,3/27/2014,15:51,3,62.230865,1
Larkin Street,McAllister Street,Fulton Street,3/27/2014,14:39,0,102.83145,0
Kearny Street,Hardie Place,Bush Street,3/27/2014,15:47,0,54.379284,0
Mason Street,Sutter Street,Mason Street,3/27/2014,15:34,0,53.208504,0
Polk Street,Bonita Street,Vallejo Street,3/27/2014,16:12,0,53.127136,0
Polk Street,Bonita Street,Vallejo Street,3/27/2014,18:40,0,53.127136,0
Polk Street,Bonita Street,Green Street,3/27/2014,16:12,0,51.76525,0
Polk Street,Bonita Street,Green Street,3/27/2014,18:40,0,51.76525,0
Sutter Street,Mason Street,Taylor Street,3/27/2014,14:04,0,146.40962,0
Washington Street,Hotaling Street,Columbus Avenue,3/27/2014,13:21,0,51.84337,0
Pine Street,Montgomery Street,Kearny Street,3/27/2014,13:48,0,146.75189,0
Bush Street,Taylor Street,Mason Street,3/27/2014,13:53,0,146.52574,0
Jones Street,Sutter Street,Jones Street,3/27/2014,14:05,0,72.91717,0
Kearny Street,Nottingham Place,Broadway,3/27/2014,15:50,1,51.50119,1
Polk Street,Ellis Street,Olive Street,3/28/2014,19:58,0,52.74021,0
Polk Street,Ellis Street,Olive Street,3/28/2014,20:32,0,52.74021,0
Polk Street,Ellis Street,Olive Street,3/28/2014,21:48,0,52.74021,0
Polk Street,Alice B. Toklas Place,O'Farrell Street,3/28/2014,19:57,0,52.3586,0
Polk Street,Alice B. Toklas Place,O'Farrell Street,3/28/2014,20:31,0,52.3586,0
Polk Street,Alice B. Toklas Place,O'Farrell Street,3/28/2014,21:47,0,52.3586,0
Leavenworth Street,Eddy Street,Ellis Street,3/28/2014,19:11,2,104.76384,1
Leavenworth Street,Eddy Street,Ellis Street,3/28/2014,21:56,4,104.76384,1
Jones Street,Ellis Street,Eddy Street,3/28/2014,19:19,0,104.76797,0
Jones Street,Ellis Street,Eddy Street,3/28/2014,22:03,1,104.76797,1
Van Ness Avenue,Post Street,Hemlock Street,3/28/2014,19:52,0,52.505486,0
Van Ness Avenue,Post Street,Hemlock Street,3/28/2014,21:03,0,52.505486,0
Geary Street,Jones Street,Geary Street,3/28/2014,20:53,0,109.843506,0
Van Ness Avenue,Geary Boulevard,Myrtle Street,3/28/2014,21:25,0,52.51784,0
Van Ness Avenue,Van Ness Avenue,Eddy Street,3/28/2014,21:26,1,52.74427,1
Van Ness Avenue,Van Ness Avenue,Turk Street,3/28/2014,21:26,4,52.836143,1
Van Ness Avenue,Bush Street,Austin Street,3/28/2014,19:53,0,52.384674,0
Van Ness Avenue,O'Farrell Street,Alice B. Toklas Place,3/28/2014,19:51,0,52.317448,0
Van Ness Avenue,Bush Street,Fern Street,3/28/2014,21:25,0,52.405315,0
Van Ness Avenue,Daniel Burnham Court,Post Street,3/28/2014,21:25,0,52.191193,0
Post Street,Larkin Street,Meacham Place,3/28/2014,21:09,0,116.305824,0
Mission Street,Julia Street,Angelo's Alley,3/28/2014,21:52,0,26.680704,0
Mission Street,6th Street,7th Street,3/28/2014,21:52,0,276.52966,0
Polk Street,Turk Street,Elm Street,3/28/2014,19:59,0,52.597584,0
Polk Street,Turk Street,Elm Street,3/28/2014,20:32,0,52.597584,0
Polk Street,Turk Street,Elm Street,3/28/2014,21:48,3,52.597584,1
Larkin Street,Cedar Street,Post Street,3/28/2014,19:26,0,52.32425,0
Larkin Street,Cedar Street,Post Street,3/28/2014,21:44,0,52.32425,0
Geary Street,Larkin Street,Polk Street,3/28/2014,20:30,0,146.40805,0
Pine Street,Larkin Street,Polk Street,3/28/2014,21:24,0,146.41655,0
Pine Street,Polk Street,Van Ness Avenue,3/28/2014,21:24,0,139.4942,0
Van Ness Avenue,Van Ness Avenue,Grove Street,3/28/2014,21:34,0,52.04572,0
Van Ness Avenue,McAllister Street,Van Ness Avenue,3/28/2014,21:33,0,154.60497,0
Van Ness Avenue,Van Ness Avenue,Grove Street,3/28/2014,20:06,0,43.249866,0
Taylor Street,Sutter Street,Bush Street,3/28/2014,16:49,0,105.05199,0
Taylor Street,Sutter Street,Bush Street,3/28/2014,18:58,0,105.05199,0
Larkin Street,O'Farrell Street,Larkin Street,3/28/2014,19:25,0,52.4134,0
Larkin Street,O'Farrell Street,Larkin Street,3/28/2014,20:30,0,52.4134,0
Larkin Street,O'Farrell Street,Larkin Street,3/28/2014,21:44,0,52.4134,0
Larkin Street,Myrtle Street,Geary Street,3/28/2014,19:25,2,52.188343,1
Larkin Street,Myrtle Street,Geary Street,3/28/2014,20:30,0,52.188343,0
Larkin Street,Myrtle Street,Geary Street,3/28/2014,21:44,1,52.188343,1
Grove Street,Dr Carlton P Goodlett Place,Van Ness Avenue,3/28/2014,20:06,1,140.25523,1
Larkin Street,Larkin Street,Golden Gate Avenue,3/28/2014,19:23,0,95.939,0
Larkin Street,Larkin Street,Golden Gate Avenue,3/28/2014,20:11,0,95.939,0
Larkin Street,Larkin Street,Golden Gate Avenue,3/28/2014,21:43,0,95.939,0
Geary Street,Leavenworth Street,Hyde Street,3/28/2014,20:54,0,146.58632,0
Redwood Street,Polk Street,Van Ness Avenue,3/28/2014,20:36,2,139.46687,1
Sutter Street,Powell Street,Sutter Street,3/28/2014,21:12,0,103.21066,0
Polk Street,Grove Street,Dr Tom Waddell Place,3/28/2014,20:00,0,58.041042,0
Polk Street,Grove Street,Dr Tom Waddell Place,3/28/2014,20:33,0,58.041042,0
Van Ness Avenue,Van Ness Avenue,Fell Street,3/28/2014,21:35,2,40.67155,1
Van Ness Avenue,Golden Gate Avenue,Van Ness Avenue,3/28/2014,21:33,0,63.262,0
Van Ness Avenue,Van Ness Avenue,Golden Gate Avenue,3/28/2014,21:28,0,44.81567,0
Van Ness Avenue,Van Ness Avenue,Bush Street,3/28/2014,21:24,0,39.027992,0
Larkin Street,Sutter Street,Larkin Street,3/28/2014,19:27,0,48.555763,0
Larkin Street,Sutter Street,Larkin Street,3/28/2014,21:44,0,48.555763,0
Leavenworth Street,Turk Street,Eddy Street,3/28/2014,19:10,5,104.82981,1
Leavenworth Street,Turk Street,Eddy Street,3/28/2014,21:56,3,104.82981,1
